,date,code,open,high,low,close,preclose,volume,amount,adjustflag,turn,tradestatus,pctChg,isST
0,2019-01-02,sh.603920,12.3972765500,12.4698965800,12.2831593600,12.4076508400,12.3557793900,1789130,21347121.0000,1,1.395468,1,0.419817,0
1,2019-01-03,sh.603920,12.4076508400,12.5632651900,12.3039079400,12.4076508400,12.4076508400,1985730,23789565.0000,1,1.548810,1,0.000000,0
2,2019-01-04,sh.603920,12.1586678800,12.7188795400,12.1379193000,12.6773823800,12.4076508400,3485452,42240635.0000,1,2.718549,1,2.173915,0
3,2019-01-07,sh.603920,12.6566338000,12.8433710200,12.6047623500,12.7500024100,12.6773823800,3303800,40508079.0000,1,2.576866,1,0.572829,0
4,2019-01-08,sh.603920,12.7188795400,12.8329967300,12.5632651900,12.6358852200,12.7500024100,2326220,28421581.0000,1,1.814382,1,-0.895034,0
5,2019-01-09,sh.603920,12.6773823800,12.8641196000,12.4802708700,12.4802708700,12.6358852200,2967115,36356382.0000,1,2.314261,1,-1.231532,0
6,2019-01-10,sh.603920,12.5113937400,12.8122481500,12.4491480000,12.5943880600,12.4802708700,2989130,36522714.0000,1,2.331432,1,0.914386,0
7,2019-01-11,sh.603920,12.5528909000,12.8537453100,12.5010194500,12.7603767000,12.5943880600,2491715,30453502.0000,1,1.943464,1,1.317956,0
8,2019-01-14,sh.603920,12.7707509900,12.7811252800,12.5528909000,12.5528909000,12.7603767000,1738184,21166639.0000,1,1.355732,1,-1.626015,0
9,2019-01-15,sh.603920,12.5321423200,12.7085052500,12.4698965800,12.6773823800,12.5528909000,1748630,21243185.0000,1,1.363879,1,0.991735,0
10,2019-01-16,sh.603920,12.7085052500,12.7500024100,12.5425166100,12.5528909000,12.6773823800,1539830,18762174.0000,1,1.201022,1,-0.981996,0
11,2019-01-17,sh.603920,12.5632651900,12.6255109300,12.2520364900,12.2624107800,12.5528909000,2042437,24470090.0000,1,1.593040,1,-2.314055,0
12,2019-01-18,sh.603920,12.3350308100,12.3557793900,12.0756735600,12.2416622000,12.2624107800,2173026,25556039.0000,1,1.694896,1,-0.169201,0
13,2019-01-21,sh.603920,12.2831593600,12.4076508400,12.2624107800,12.3661536800,12.2416622000,1603994,19078317.0000,1,1.251068,1,1.016948,0
14,2019-01-22,sh.603920,12.3142822300,12.3972765500,12.1482935900,12.2416622000,12.3661536800,1258600,14889238.0000,1,0.981671,1,-1.006710,0
15,2019-01-23,sh.603920,12.2727850700,12.4906451600,12.1482935900,12.4387737100,12.2416622000,1944626,23083823.0000,1,1.516750,1,1.610166,0
16,2019-01-24,sh.603920,12.4491480000,12.7085052500,12.2831593600,12.5632651900,12.4387737100,3226100,38962772.0000,1,2.516262,1,1.000833,0
17,2019-01-25,sh.603920,12.4802708700,12.6773823800,12.4283994200,12.4491480000,12.5632651900,2911900,35224796.0000,1,2.271195,1,-0.908337,0
18,2019-01-28,sh.603920,12.4491480000,12.5425166100,12.0964221400,12.1067964300,12.4491480000,2071260,24637200.0000,1,1.615521,1,-2.750000,0
19,2019-01-29,sh.603920,12.1275450100,12.2001650400,11.5880819300,11.8266906000,12.1067964300,2004700,22896909.0000,1,1.563606,1,-2.313629,0
20,2019-01-30,sh.603920,11.8266906000,11.9304335000,11.7021991200,11.7540705700,11.8266906000,1281490,14532826.0000,1,0.999524,1,-0.614032,0
21,2019-01-31,sh.603920,11.8163163100,11.8681877600,11.2976018100,11.4220932900,11.7540705700,2200924,24494303.0000,1,1.716655,1,-2.824358,0
22,2019-02-01,sh.603920,11.4324675800,11.6918248300,11.4324675800,11.6918248300,11.4220932900,1242720,13882985.0000,1,0.969285,1,2.361491,0
23,2019-02-11,sh.603920,11.6918248300,11.9719306600,11.6918248300,11.9304335000,11.6918248300,1780848,20349768.0000,1,1.389008,1,2.040812,0
24,2019-02-12,sh.603920,11.9304335000,12.3039079400,11.8889363400,12.1171707200,11.9304335000,2839615,33069601.0000,1,2.214815,1,1.565220,0
25,2019-02-13,sh.603920,12.2001650400,12.8226224400,12.2001650400,12.6462595100,12.1171707200,7414680,90135633.0000,1,5.783230,1,4.366432,0
26,2019-02-14,sh.603920,12.6255109300,12.7603767000,12.5010194500,12.6877566700,12.6462595100,5673945,69032681.0000,1,4.425508,1,0.328138,0
27,2019-02-15,sh.603920,12.7500024100,12.9367396300,12.5528909000,12.7914995700,12.6877566700,5763835,70797736.0000,1,4.495620,1,0.817665,0
28,2019-02-18,sh.603920,12.8537453100,13.1545997200,12.7603767000,13.1442254300,12.7914995700,7423297,93096109.0000,1,5.789951,1,2.757503,0
29,2019-02-19,sh.603920,13.2998397800,13.3205883600,12.8018738600,12.9782367900,13.1442254300,7728412,96877898.0000,1,6.027931,1,-1.262824,0
30,2019-02-20,sh.603920,12.9263653400,13.0923539800,12.7811252800,12.9367396300,12.9782367900,4277950,53295376.0000,1,3.336674,1,-0.319744,0
31,2019-02-21,sh.603920,12.9263653400,13.2998397800,12.7603767000,12.9989853700,12.9367396300,7938005,100358883.0000,1,6.191408,1,0.481150,0
32,2019-02-22,sh.603920,13.1027282700,13.5695713200,13.0301082400,13.5073255800,12.9989853700,8720330,111702371.0000,1,6.801598,1,3.910620,0
33,2019-02-25,sh.603920,13.7459342500,14.0882858200,13.5903199000,13.9534200500,13.5073255800,11692755,155842636.0000,1,9.120001,1,3.302606,0
34,2019-02-26,sh.603920,13.9534200500,13.9949172100,13.6421913500,13.6629399300,13.9534200500,7286742,96867752.0000,1,5.683442,1,-2.081782,0
35,2019-02-27,sh.603920,13.6940628000,13.8185542800,13.2790912000,13.4139569700,13.6629399300,6306660,82764558.0000,1,4.919007,1,-1.822322,0
36,2019-02-28,sh.603920,13.3620855200,13.6421913500,13.3413369400,13.5384484500,13.4139569700,3353525,43659918.0000,1,2.615650,1,0.928073,0
37,2019-03-01,sh.603920,13.5903199000,13.6421913500,13.2064711700,13.4347055500,13.5384484500,3771000,48711409.0000,1,2.941268,1,-0.766286,0
38,2019-03-04,sh.603920,13.4969512900,13.8808000200,13.4762027100,13.6629399300,13.4347055500,6418193,84682769.0000,1,5.006000,1,1.698844,0
39,2019-03-05,sh.603920,13.7459342500,13.9949172100,13.6733142200,13.9845429200,13.6629399300,6038605,80618611.0000,1,4.709932,1,2.353830,0
40,2019-03-06,sh.603920,14.0156657900,14.2853973300,13.8081799900,14.1609058500,13.9845429200,7999427,108373410.0000,1,6.239315,1,1.261128,0
41,2019-03-07,sh.603920,14.0675372400,14.4928831300,13.8704257300,14.3580173600,14.1609058500,7981355,109560692.0000,1,6.225219,1,1.391945,0
42,2019-03-08,sh.603920,14.0052915000,15.1257148200,13.9015486000,14.1090344000,14.3580173600,12326051,172643177.0000,1,9.613953,1,-1.734102,0
43,2019-03-11,sh.603920,14.2127773000,15.0427205000,14.2127773000,14.8144861200,14.1090344000,8255140,116317055.0000,1,6.438764,1,4.999995,0
44,2019-03-12,sh.603920,14.8352347000,15.0738433700,14.5447545800,14.8456089900,14.8144861200,9585343,136559849.0000,1,7.476282,1,0.210089,0
45,2019-03-13,sh.603920,14.8352347000,15.2813291700,14.3683916500,14.4513859700,14.8456089900,7428733,106410896.0000,1,5.794191,1,-2.655486,0
46,2019-03-14,sh.603920,14.2853973300,14.4928831300,13.7978057000,14.0571629500,14.4513859700,5587442,75842906.0000,1,4.358039,1,-2.727926,0
47,2019-03-15,sh.603920,14.1194086900,14.2957716200,13.9222971800,14.1297829800,14.0571629500,3513509,47848971.0000,1,2.740432,1,0.516603,0
48,2019-03-18,sh.603920,14.1194086900,14.6173746100,14.0156657900,14.6173746100,14.1297829800,4925780,68079636.0000,1,3.841962,1,3.450810,0
49,2019-03-19,sh.603920,14.6173746100,14.7522403800,14.4410116800,14.5447545800,14.6173746100,3868700,54356197.0000,1,3.017471,1,-0.496804,0
50,2019-03-20,sh.603920,14.5343802900,14.6277489000,14.2127773000,14.4617602600,14.5447545800,3410278,47408829.0000,1,2.659915,1,-0.570620,0
51,2019-03-21,sh.603920,14.4721345500,14.7314918000,14.3891402300,14.5447545800,14.4617602600,4074400,57280472.0000,1,3.177911,1,0.573894,0
52,2019-03-22,sh.603920,14.5240060000,14.6070003200,14.2542744600,14.5966260300,14.5447545800,3163878,44103862.0000,1,2.467731,1,0.356628,0
53,2019-03-25,sh.603920,14.3683916500,14.6899946400,14.3268944900,14.4928831300,14.5966260300,4055691,56954873.0000,1,3.163318,1,-0.710728,0
54,2019-03-26,sh.603920,14.6173746100,14.6173746100,13.9222971800,13.9845429200,14.4928831300,3915030,53700961.0000,1,3.053607,1,-3.507521,0
55,2019-03-27,sh.603920,14.0052915000,14.1712801400,13.8081799900,14.0675372400,13.9845429200,2671950,36090742.0000,1,2.084042,1,0.593478,0
56,2019-03-28,sh.603920,14.0052915000,14.3995145200,13.9845429200,14.0675372400,14.0675372400,3249830,44535984.0000,1,2.534771,1,0.000000,0
57,2019-03-29,sh.603920,14.0467886600,14.3683916500,13.8081799900,14.3683916500,14.0675372400,3875201,52874679.0000,1,3.022541,1,2.138643,0
58,2019-04-01,sh.603920,14.4306373900,14.8871061500,14.4202631000,14.8248604100,14.3683916500,5373924,76254622.0000,1,4.191501,1,3.176892,0
59,2019-04-02,sh.603920,14.8248604100,15.0427205000,14.6899946400,14.7522403800,14.8248604100,4831343,69171654.0000,1,3.768304,1,-0.489851,0
60,2019-04-03,sh.603920,14.7522403800,15.1983348500,14.6277489000,15.0427205000,14.7522403800,5858994,84486660.0000,1,4.569841,1,1.969056,0
61,2019-04-04,sh.603920,15.0323462100,15.3954463600,14.8871061500,15.3435749100,15.0427205000,8014310,117337558.0000,1,6.250923,1,2.000000,0
62,2019-04-08,sh.603920,15.4784406800,15.5614350000,14.8456089900,15.1879605600,15.3435749100,6338801,92816431.0000,1,4.944076,1,-1.014196,0
63,2019-04-09,sh.603920,15.1568376900,15.3124520400,14.9597261800,15.2190834300,15.1879605600,5419708,79193458.0000,1,4.227211,1,0.204916,0
64,2019-04-10,sh.603920,15.0323462100,15.1049662400,14.8144861200,14.9182290200,15.2190834300,4370945,62979617.0000,1,3.409207,1,-1.976823,0
65,2019-04-11,sh.603920,14.9182290200,15.0219719200,14.4825088400,14.5240060000,14.9182290200,4224800,60107393.0000,1,3.295218,1,-2.642560,0
66,2019-04-12,sh.603920,14.5551288700,14.7107432200,14.3995145200,14.5032574200,14.5240060000,2162260,30267352.0000,1,1.686498,1,-0.142860,0
67,2019-04-15,sh.603920,14.7107432200,14.8871061500,14.5032574200,14.5136317100,14.5032574200,3064817,43493593.0000,1,2.390466,1,0.071532,0
68,2019-04-16,sh.603920,14.5240060000,14.8767318600,14.2439001700,14.8663575700,14.5136317100,4388260,61712644.0000,1,3.422712,1,2.430308,0
69,2019-04-17,sh.603920,14.8456089900,15.0115976300,14.7107432200,14.9078547300,14.8663575700,3775530,54136623.0000,1,2.944801,1,0.279134,0
70,2019-04-18,sh.603920,14.9389776000,14.9804747600,14.6588717700,14.6899946400,14.9078547300,2899416,41326261.0000,1,2.261458,1,-1.461378,0
71,2019-04-19,sh.603920,14.6899946400,14.7626146700,14.4825088400,14.6899946400,14.6899946400,2535930,35746710.0000,1,1.977950,1,0.000000,0
72,2019-04-22,sh.603920,14.7729889600,14.9908490500,14.6277489000,14.7003689300,14.6899946400,3322261,47356036.0000,1,2.591265,1,0.070623,0
73,2019-04-23,sh.603920,14.7003689300,14.7937375400,14.3683916500,14.3891402300,14.7003689300,3109909,43552287.0000,1,2.425637,1,-2.117150,0
74,2019-04-24,sh.603920,14.4928831300,14.7729889600,14.3476430700,14.7418660900,14.3891402300,3156700,44289639.0000,1,2.462132,1,2.451335,0
75,2019-04-25,sh.603920,14.7729889600,14.7729889600,14.0779115300,14.0779115300,14.7418660900,3178608,44188162.0000,1,2.479220,1,-4.503873,0
76,2019-04-26,sh.603920,13.9637943400,14.3268944900,13.9119228900,14.0675372400,14.0779115300,2472900,33697607.0000,1,1.928788,1,-0.073687,0
77,2019-04-29,sh.603920,14.0675372400,14.1712801400,13.4969512900,13.6110684800,14.0675372400,3400527,45154653.0000,1,2.652310,1,-3.244842,0
78,2019-04-30,sh.603920,13.7251856700,13.8496771500,13.5695713200,13.6525656400,13.6110684800,1998300,26405102.0000,1,1.558615,1,0.304878,0
79,2019-05-06,sh.603920,13.2790912000,13.3620855200,12.6358852200,12.7085052500,13.6525656400,3756310,46851419.0000,1,2.929810,1,-6.914893,0
80,2019-05-07,sh.603920,12.8122481500,12.8952424700,12.6151366400,12.7811252800,12.7085052500,2253510,27741395.0000,1,1.757671,1,0.571426,0
81,2019-05-08,sh.603920,12.5840137700,12.9574882100,12.4491480000,12.7914995700,12.7811252800,2199605,27122819.0000,1,1.715626,1,0.081171,0
82,2019-05-09,sh.603920,12.8329967300,13.1545997200,12.7914995700,13.0093596600,12.7914995700,2527760,31672032.0000,1,1.971578,1,1.703163,0
83,2019-05-10,sh.603920,13.0716054000,13.3620855200,12.8329967300,13.2998397800,13.0093596600,2659360,33867487.0000,1,2.074222,1,2.232853,0
84,2019-05-13,sh.603920,13.1027282700,13.5591970300,13.1027282700,13.4243312600,13.2998397800,2640609,34071560.0000,1,2.059596,1,0.936037,0
85,2019-05-14,sh.603920,13.1960968800,13.6421913500,13.1960968800,13.2998397800,13.4243312600,2199226,28560646.0000,1,1.715331,1,-0.927356,0
86,2019-05-15,sh.603920,13.4243312600,13.6629399300,13.3413369400,13.4658284200,13.2998397800,1779024,23225704.0000,1,1.387586,1,1.248049,0
87,2019-05-16,sh.603920,13.4969512900,13.8496771500,13.4969512900,13.6836885100,13.4658284200,3425900,45245043.0000,1,2.672100,1,1.617874,0
88,2019-05-17,sh.603920,13.6940628000,13.8911743100,13.0404825300,13.0819796900,13.6836885100,3055900,39584455.0000,1,2.383511,1,-4.397270,0
89,2019-05-20,sh.603920,13.1857225900,13.5903199000,13.1442254300,13.4347055500,13.0819796900,2537068,32695164.0000,1,1.978838,1,2.696274,0
90,2019-05-21,sh.603920,13.3517112300,13.8704257300,13.2790912000,13.7874314100,13.4347055500,3642205,47829177.0000,1,2.840812,1,2.625484,0
91,2019-05-22,sh.603920,13.7978057000,13.9845429200,13.5280741600,13.8704257300,13.7874314100,3384928,44940207.0000,1,2.640143,1,0.601956,0
92,2019-05-23,sh.603920,14.0675372400,14.2853973300,13.5384484500,13.6733142200,13.8704257300,3296858,44198604.0000,1,2.571451,1,-1.421089,0
93,2019-05-24,sh.603920,13.4969512900,13.6421913500,13.3309626500,13.4139569700,13.6733142200,2341900,30418324.0000,1,1.826612,1,-1.896813,0
94,2019-05-27,sh.603920,13.4139569700,13.9741686300,13.3724598100,13.9015486000,13.4139569700,2832210,37666384.0000,1,2.209040,1,3.634952,0
95,2019-05-28,sh.603920,13.9222971800,14.0052915000,13.7978057000,13.8808000200,13.9015486000,1884400,25269358.0000,1,1.469776,1,-0.149250,0
96,2019-05-29,sh.603920,13.8289285700,14.8663575700,13.7563085400,14.2750230400,13.8808000200,6012165,83364768.0000,1,4.689310,1,2.840060,0
97,2019-05-30,sh.603920,14.1609058500,14.2646487500,13.9119228900,14.1712801400,14.2750230400,3250848,44135059.0000,1,2.535565,1,-0.726747,0
98,2019-05-31,sh.603920,14.0882858200,14.6484974800,14.0882858200,14.4306373900,14.1712801400,4236008,58979038.0000,1,3.303960,1,1.830161,0
99,2019-06-03,sh.603920,14.4202631000,14.4202631000,13.9637943400,14.2231515900,14.4306373900,2645453,36244474.0000,1,2.063375,1,-1.437813,0
100,2019-06-04,sh.603920,14.2750230400,14.6173746100,14.0052915000,14.2646487500,14.2231515900,3199760,44049637.0000,1,2.495718,1,0.291758,0
101,2019-06-05,sh.603920,14.2750230400,14.8352347000,13.9741686300,14.4825088400,14.2646487500,5867554,81726115.0000,1,4.576518,1,1.527273,0
102,2019-06-06,sh.603920,14.3165202000,14.3580173600,14.0467886600,14.1609058500,14.4825088400,3630154,49629650.0000,1,2.831412,1,-2.220634,0
103,2019-06-10,sh.603920,14.1297829800,14.6381231900,13.9326714700,14.5655031600,14.1609058500,3777650,52569703.0000,1,2.946455,1,2.857146,0
104,2019-06-11,sh.603920,14.6070003200,14.8663575700,14.3268944900,14.7833632500,14.5655031600,6728688,94915254.0000,1,5.248176,1,1.495727,0
105,2019-06-12,sh.603920,14.6796203500,16.2668867200,14.5240060000,15.1672119800,14.7833632500,9260088,135718055.0000,1,7.222593,1,2.596490,0
106,2019-06-13,sh.603920,15.0219719200,15.4576921000,14.9493518900,15.0012233400,15.1672119800,6541709,95785189.0000,1,5.102338,1,-1.094390,0
107,2019-06-14,sh.603920,14.9597261800,15.1049662400,14.5240060000,14.5240060000,15.0012233400,4036100,57578185.0000,1,3.148038,1,-3.181190,0
108,2019-06-17,sh.603920,14.4617602600,14.7003689300,14.3372687800,14.6070003200,14.5240060000,2359500,32981659.0000,1,1.840340,1,0.571428,0
109,2019-06-18,sh.603920,14.5447545800,14.6277489000,14.1505315600,14.2024030100,14.6070003200,3782400,52226945.0000,1,2.950159,1,-2.769889,0
110,2019-06-19,sh.603920,14.4703665000,14.5775544000,14.1809591700,14.2023967500,14.2023967500,5020000,67408077.0000,1,3.915451,1,0.000000,0
111,2019-06-20,sh.603920,14.1059276400,14.1809591700,13.6235820900,14.0201773200,14.2023967500,5784000,75005512.0000,1,4.511348,1,-1.283019,0
112,2019-06-21,sh.603920,14.1916779600,14.3738973900,14.0308961100,14.2988658600,14.0201773200,3968900,52719010.0000,1,3.095624,1,1.987769,0
113,2019-06-24,sh.603920,14.2023967500,14.4060537600,13.9451457900,13.9880209500,14.2988658600,3845755,50719927.0000,1,2.999574,1,-2.173913,0
114,2019-06-25,sh.603920,14.0094585300,14.0201773200,13.7307699900,13.8272391000,13.9880209500,2995614,38602935.0000,1,2.336490,1,-1.149430,0
115,2019-06-26,sh.603920,13.7843639400,13.9237082100,13.6878948300,13.8808330500,13.8272391000,1745948,22537093.0000,1,1.361788,1,0.387598,0
116,2019-06-27,sh.603920,13.9880209500,15.0598999500,13.9880209500,14.8240865700,13.8808330500,11457102,156187892.0000,1,8.936199,1,6.795368,0
117,2019-06-28,sh.603920,14.7704926200,14.9419932600,14.5132416600,14.7597738300,14.8240865700,7465770,102391387.0000,1,5.823079,1,-0.433836,0
118,2019-07-01,sh.603920,15.3385884900,15.9388407300,15.0491811600,15.1885254300,14.7597738300,18109193,260332592.0000,1,14.124632,1,2.904863,0
119,2019-07-02,sh.603920,15.1242126900,15.4350576000,15.1242126900,15.2528381700,15.1885254300,7600884,108435495.0000,1,5.928463,1,0.423426,0
120,2019-07-03,sh.603920,15.1563690600,15.2206818000,14.8026489900,14.8991181000,15.2528381700,5718593,79577579.0000,1,4.460332,1,-2.319044,0
121,2019-07-04,sh.603920,14.9527120500,15.0813375300,14.7597738300,14.8026489900,14.8991181000,3703898,51420311.0000,1,2.888930,1,-0.647476,0
122,2019-07-05,sh.603920,14.8348053600,15.0277435800,14.8026489900,14.8883993100,14.8026489900,3638614,50728390.0000,1,2.838011,1,0.579290,0
123,2019-07-08,sh.603920,14.8562429400,14.8562429400,14.2774282800,14.3095846500,14.8883993100,5148691,69416816.0000,1,4.015826,1,-3.887689,0
124,2019-07-09,sh.603920,14.3310222300,14.5239604500,14.2023967500,14.4060537600,14.3095846500,2519800,33713432.0000,1,1.965369,1,0.674151,0
125,2019-07-10,sh.603920,14.6418671400,14.6418671400,14.1702403800,14.2559907000,14.4060537600,2632500,35347384.0000,1,2.053272,1,-1.041662,0
126,2019-07-11,sh.603920,14.5239604500,14.5239604500,14.1059276400,14.2559907000,14.2559907000,2370600,31591595.0000,1,1.848997,1,0.000000,0
127,2019-07-12,sh.603920,14.4167725500,14.4167725500,14.1702403800,14.3846161800,14.2559907000,1975750,26362199.0000,1,1.541026,1,0.902255,0
128,2019-07-15,sh.603920,14.5775544000,14.7061798800,14.2881470700,14.6311483500,14.3846161800,2691578,36482740.0000,1,2.099351,1,1.713856,0
129,2019-07-16,sh.603920,14.5989919800,14.8669617300,14.5025228700,14.7597738300,14.6311483500,3856876,53041498.0000,1,3.008249,1,0.879127,0
130,2019-07-17,sh.603920,14.7490550400,15.0277435800,14.6204295600,14.7490550400,14.7597738300,3714841,51512992.0000,1,2.897465,1,-0.072623,0
131,2019-07-18,sh.603920,14.6847423000,14.6847423000,14.3203034400,14.3310222300,14.7490550400,2927689,39464181.0000,1,2.283510,1,-2.834305,0
132,2019-07-19,sh.603920,14.3417410200,14.5025228700,14.1595215900,14.2452719100,14.3310222300,2312400,30883074.0000,1,1.803603,1,-0.598354,0
133,2019-07-22,sh.603920,14.1809591700,14.2452719100,13.4092062900,13.4628002400,14.2452719100,3720237,47448611.0000,1,2.901674,1,-5.492848,0
134,2019-07-23,sh.603920,13.4628002400,13.6771760400,13.4628002400,13.6450196700,13.4628002400,1741171,22083393.0000,1,1.358062,1,1.353496,0
135,2019-07-24,sh.603920,13.7200512000,13.9880209500,13.7093324100,13.8593954700,13.6450196700,2224100,28770632.0000,1,1.734732,1,1.571098,0
136,2019-07-25,sh.603920,13.9344270000,14.5561168200,13.8701142600,14.3846161800,13.8593954700,4300409,57256470.0000,1,3.354191,1,3.789635,0
137,2019-07-26,sh.603920,14.3846161800,14.5882731900,14.1809591700,14.5775544000,14.3846161800,4033048,54164603.0000,1,3.145700,1,1.341300,0
138,2019-07-29,sh.603920,14.4703665000,14.9419932600,14.4167725500,14.6954610900,14.5775544000,4943900,68015884.0000,1,3.856095,1,0.808821,0
139,2019-07-30,sh.603920,14.6954610900,14.9955872100,14.5775544000,14.6097107700,14.6954610900,4393000,60569078.0000,1,3.426400,1,-0.583500,0
140,2019-07-31,sh.603920,14.5668356100,14.9634308400,14.5346792400,14.7704926200,14.6097107700,5143976,71169747.0000,1,4.012100,1,1.100500,0
141,2019-08-01,sh.603920,14.7061798800,14.8883993100,14.6633047200,14.7490550400,14.7704926200,3559930,49071793.0000,1,2.776600,1,-0.145100,0
142,2019-08-02,sh.603920,14.3953349700,15.0920563200,14.3953349700,14.9205556800,14.7490550400,7930187,110082496.0000,1,6.185300,1,1.162800,0
143,2019-08-05,sh.603920,14.9634308400,15.1456502700,14.5561168200,15.0170247900,14.9205556800,7769063,107614404.0000,1,6.059600,1,0.646600,0
144,2019-08-06,sh.603920,14.8240865700,14.8240865700,13.6771760400,14.3738973900,15.0170247900,8771200,116883894.0000,1,6.841300,1,-4.282700,0
145,2019-08-07,sh.603920,14.2452719100,14.3524598100,13.8058015200,13.8058015200,14.3738973900,5114408,66946536.0000,1,3.989100,1,-3.952300,0
146,2019-08-08,sh.603920,13.8272391000,14.0201773200,13.7200512000,13.9665833700,13.8058015200,3133056,40594094.0000,1,2.443700,1,1.164600,0
147,2019-08-09,sh.603920,14.0844900600,15.3600260700,13.9665833700,15.3600260700,13.9665833700,11203786,157351041.0000,1,8.738600,1,9.977000,0
148,2019-08-12,sh.603920,16.1210601600,16.8928130400,16.1210601600,16.8928130400,15.3600260700,6215452,96712681.0000,1,4.847900,1,9.979100,0
149,2019-08-13,sh.603920,18.5863818600,18.5863818600,17.9861296200,18.5863818600,16.8928130400,64040598,1105206460.0000,1,49.949800,1,10.025400,0
150,2019-08-14,sh.603920,19.2938220000,20.4192949500,17.6431283400,17.7717538200,18.5863818600,62173358,1108868535.0000,1,48.493400,1,-4.382900,0
151,2019-08-15,sh.603920,17.3430022200,18.5435067000,17.2679706900,18.2540993700,17.7717538200,49806245,833881072.0000,1,38.847400,1,2.714100,0
152,2019-08-16,sh.603920,17.9003793000,18.0075672000,17.1500640000,17.2786894800,18.2540993700,42068949,687790699.0000,1,32.812500,1,-5.343500,0
153,2019-08-19,sh.603920,17.2786894800,17.9968484100,17.0107197300,17.8253477700,17.2786894800,39170453,642870122.0000,1,30.551800,1,3.163800,0
154,2019-08-20,sh.603920,17.7931914000,18.3827248500,17.4180337500,18.2112242100,17.8253477700,39042921,654518430.0000,1,30.452300,1,2.164800,0
155,2019-08-21,sh.603920,18.0825987300,19.0794462000,17.5145028600,18.6078194400,18.2112242100,37955415,644245553.0000,1,29.604100,1,2.177800,0
156,2019-08-22,sh.603920,18.3505684800,18.5006315400,17.8682229300,18.1147551000,18.6078194400,26674865,452494127.0000,1,20.805600,1,-2.649800,0
157,2019-08-23,sh.603920,17.9861296200,18.3827248500,17.2786894800,17.5037840700,18.1147551000,22972072,379313431.0000,1,17.917500,1,-3.372800,0
158,2019-08-26,sh.603920,16.9464069900,19.2509468400,16.9464069900,19.2509468400,17.5037840700,34589864,593486717.0000,1,26.979100,1,9.981600,0
159,2019-08-27,sh.603920,19.5939481200,19.8297615000,18.7042885500,18.9508207200,19.2509468400,41172486,739957839.0000,1,32.113300,1,-1.559000,0
160,2019-08-28,sh.603920,18.5971006500,19.1008837800,18.0504423600,18.2005054200,18.9508207200,21682430,374257498.0000,1,16.911700,1,-3.959300,0
161,2019-08-29,sh.603920,18.0933175200,18.8329140300,17.9110980900,18.0933175200,18.2005054200,20815950,357210569.0000,1,16.235800,1,-0.588900,0
162,2019-08-30,sh.603920,18.1790678400,18.3291309000,17.2036579500,17.3751585900,18.0933175200,18966233,315269537.0000,1,14.793100,1,-3.969200,0
163,2019-09-02,sh.603920,17.4180337500,18.2219430000,17.1607827900,18.0290047800,17.3751585900,16056092,266376468.0000,1,12.523300,1,3.763100,0
164,2019-09-03,sh.603920,18.0933175200,18.6721321800,17.6860035000,18.5863818600,18.0290047800,21560115,367235962.0000,1,16.816200,1,3.091600,0
165,2019-09-04,sh.603920,18.4899127500,20.3549822100,18.4470375900,19.3259783700,18.5863818600,28691469,521421151.0000,1,22.378500,1,3.979200,0
166,2019-09-05,sh.603920,19.7547299700,21.2553605700,19.7547299700,20.3978573700,19.3259783700,37651446,727975304.0000,1,29.367000,1,5.546300,0
167,2019-09-06,sh.603920,20.5157640600,20.8480465500,19.8297615000,20.5050452700,20.3978573700,28938864,547440817.0000,1,22.571500,1,0.525500,0
168,2019-09-09,sh.603920,20.6336707500,21.2124854100,20.1084500400,20.9230780800,20.5050452700,25261820,491211824.0000,1,19.703500,1,2.038700,0
169,2019-09-10,sh.603920,20.6979834900,20.9766720300,20.0119809300,20.1191688300,20.9230780800,17205690,327530551.0000,1,13.419900,1,-3.842200,0
170,2019-09-11,sh.603920,20.2906694700,20.5907955900,19.4117286900,19.8511990800,20.1191688300,16328460,305075802.0000,1,12.735700,1,-1.331900,0
171,2019-09-12,sh.603920,19.7332923900,19.9369494000,19.4867602200,19.6582608600,19.8511990800,10122530,185855918.0000,1,7.895300,1,-0.971900,0
172,2019-09-16,sh.603920,19.7118548100,20.0977312500,19.3366971600,19.6475420700,19.6582608600,12314837,226416581.0000,1,9.605200,1,-0.054500,0
173,2019-09-17,sh.603920,19.6046669100,19.6153857000,18.9936958800,19.2831032100,19.6475420700,9937278,178291236.0000,1,7.750800,1,-1.854900,0
174,2019-09-18,sh.603920,19.3581347400,19.5081978000,18.8757891900,19.3259783700,19.2831032100,9122500,163262791.0000,1,7.115300,1,0.222400,0
175,2019-09-19,sh.603920,19.3045407900,20.0870124600,19.1973528900,20.0870124600,19.3259783700,12980369,238513245.0000,1,10.124300,1,3.937900,0
176,2019-09-20,sh.603920,20.2370755200,20.2370755200,19.3795723200,19.4546038500,20.0870124600,11824486,218722906.0000,1,9.222700,1,-3.148300,0
177,2019-09-23,sh.603920,19.1223213600,19.3795723200,18.4148812200,19.2080716800,19.4546038500,10440936,183940134.0000,1,8.143600,1,-1.267200,0
178,2019-09-24,sh.603920,19.1973528900,19.7011360200,19.0794462000,19.0901649900,19.2080716800,8010875,145001415.0000,1,6.248200,1,-0.613800,0
179,2019-09-25,sh.603920,18.8650704000,19.2402280500,18.4363188000,18.5113503300,19.0901649900,7650230,133728873.0000,1,5.967000,1,-3.032000,0
180,2019-09-26,sh.603920,18.5327879100,18.8114764500,17.4716277000,18.1040363100,18.5113503300,8670882,145468871.0000,1,6.763000,1,-2.200400,0
181,2019-09-27,sh.603920,17.9539732500,18.3827248500,17.7074410800,17.9754108300,18.1040363100,6885200,115859837.0000,1,5.370300,1,-0.710500,0
182,2019-09-30,sh.603920,17.9325356700,18.3184121100,17.5252216500,17.5573780200,17.9754108300,5239930,87424547.0000,1,4.087000,1,-2.325600,0
183,2019-10-08,sh.603920,17.5788156000,17.9110980900,17.2143767400,17.4501901200,17.5573780200,4834092,79065840.0000,1,3.770400,1,-0.610500,0
184,2019-10-09,sh.603920,17.4716277000,17.7717538200,17.2679706900,17.7395974500,17.4501901200,4500800,73898163.0000,1,3.510500,1,1.658500,0
185,2019-10-10,sh.603920,17.6645659200,17.9646920400,17.6324095500,17.8789417200,17.7395974500,5747472,95523412.0000,1,4.482900,1,0.785500,0
186,2019-10-11,sh.603920,17.9218168800,18.3184121100,17.8789417200,17.9110980900,17.8789417200,7165672,120810654.0000,1,5.589000,1,0.179800,0
187,2019-10-14,sh.603920,17.9968484100,18.3076933200,17.8682229300,18.1790678400,17.9110980900,6656400,112517279.0000,1,5.191800,1,1.496100,0
188,2019-10-15,sh.603920,17.9861296200,18.1147551000,17.4180337500,17.6645659200,18.1790678400,5075276,83653812.0000,1,3.958600,1,-2.830200,0
189,2019-10-16,sh.603920,17.6431283400,17.8467853500,17.3215646400,17.3322834300,17.6645659200,4698500,76970659.0000,1,3.664700,1,-1.881100,0
190,2019-10-17,sh.603920,17.3751585900,17.6324095500,17.0214385200,17.3108458500,17.3322834300,4243600,68702172.0000,1,3.309900,1,-0.123700,0
191,2019-10-18,sh.603920,17.2679706900,17.4394713300,16.5069366000,16.5926869200,17.3108458500,6910288,108572561.0000,1,5.389800,1,-4.148600,0
192,2019-10-21,sh.603920,16.5069366000,16.5605305500,16.2389668500,16.3890299100,16.5926869200,3919500,59898801.0000,1,3.057100,1,-1.227400,0
193,2019-10-22,sh.603920,16.4747802300,17.0107197300,16.4426238600,16.9678445700,16.3890299100,6132378,95993850.0000,1,4.783100,1,3.531700,0
194,2019-10-23,sh.603920,17.1071888400,17.1179076300,16.6141245000,16.7749063500,16.9678445700,3876396,61028954.0000,1,3.023500,1,-1.137100,0
195,2019-10-24,sh.603920,16.7856251400,16.9464069900,16.3461547500,16.4533426500,16.7749063500,5182200,80234197.0000,1,4.042000,1,-1.916900,0
196,2019-10-25,sh.603920,16.5283741800,16.5926869200,15.8209340400,16.3247171700,16.4533426500,9662245,146086834.0000,1,7.536300,1,-0.781800,0
197,2019-10-28,sh.603920,16.3461547500,17.0964700500,16.3354359600,17.0107197300,16.3247171700,8367378,131376799.0000,1,6.526300,1,4.202200,0
198,2019-10-29,sh.603920,17.0857512600,17.0964700500,16.0353098400,16.0353098400,17.0107197300,11555408,177118465.0000,1,9.012900,1,-5.734100,0
199,2019-10-30,sh.603920,16.4854990200,17.4287525400,16.2925608000,16.8177815100,16.0353098400,15154371,238820819.0000,1,11.820000,1,4.879700,0
200,2019-10-31,sh.603920,16.8392190900,17.3537210100,16.6998748200,16.9571257800,16.8177815100,12735212,203038697.0000,1,9.933100,1,0.828600,0
201,2019-11-01,sh.603920,16.9035318300,17.2036579500,16.7213124000,17.1500640000,16.9571257800,9725654,154260923.0000,1,7.585700,1,1.137800,0
202,2019-11-04,sh.603920,17.3108458500,17.7288786600,17.0000009400,17.7074410800,17.1500640000,14818614,240482367.0000,1,11.558100,1,3.250000,0
203,2019-11-05,sh.603920,17.5788156000,19.4438850600,17.4823464900,18.9615395100,17.7074410800,20554639,346468377.0000,1,16.032000,1,7.082300,0
204,2019-11-06,sh.603920,18.5435067000,19.4010099000,18.0611611500,18.1683490500,18.9615395100,24195902,422209100.0000,1,18.872100,1,-4.183200,0
205,2019-11-07,sh.603920,18.0933175200,18.1040363100,17.6860035000,17.9968484100,18.1683490500,9540930,159156229.0000,1,7.441600,1,-0.944000,0
206,2019-11-08,sh.603920,18.0825987300,18.1897866300,17.6645659200,17.6645659200,17.9968484100,8204926,137572448.0000,1,6.399600,1,-1.846300,0
207,2019-11-11,sh.603920,17.4287525400,17.6431283400,16.6677184500,16.6891560300,17.6645659200,10514990,166526926.0000,1,8.201400,1,-5.521800,0
208,2019-11-12,sh.603920,16.7641875600,17.1822203700,16.3568735400,17.0000009400,16.6891560300,7544930,118166960.0000,1,5.884800,1,1.862600,0
209,2019-11-13,sh.603920,16.8713754600,17.1929391600,16.7749063500,16.9892821500,17.0000009400,5468600,86764274.0000,1,4.265300,1,-0.063000,0
210,2019-11-14,sh.603920,17.1179076300,17.4394713300,16.8177815100,17.3215646400,16.9892821500,6405630,102550200.0000,1,4.996200,1,1.955800,0
211,2019-11-15,sh.603920,17.3108458500,17.5573780200,16.9678445700,16.9678445700,17.3215646400,6746780,108758718.0000,1,5.262300,1,-2.042100,0
212,2019-11-18,sh.603920,17.1286264200,17.2358143200,16.7963439300,16.9785633600,16.9678445700,4951730,78548349.0000,1,3.862200,1,0.063200,0
213,2019-11-19,sh.603920,16.9249694100,17.4287525400,16.7320311900,17.4287525400,16.9785633600,5940565,94958678.0000,1,4.633500,1,2.651500,0
214,2019-11-20,sh.603920,17.3858773800,17.3858773800,16.9464069900,16.9785633600,17.4287525400,5612341,89875381.0000,1,4.377500,1,-2.583000,0
215,2019-11-21,sh.603920,16.8392190900,17.0000009400,16.6784372400,16.7320311900,16.9785633600,4128489,64697531.0000,1,3.220100,1,-1.452000,0
216,2019-11-22,sh.603920,16.8285003000,16.9785633600,16.1424977400,16.1853729000,16.7320311900,5946000,91518180.0000,1,4.637700,1,-3.267100,0
217,2019-11-25,sh.603920,16.2818420100,16.2818420100,15.4993703400,15.7137461400,16.1853729000,5499324,80849904.0000,1,4.289300,1,-2.913900,0
218,2019-11-26,sh.603920,15.7137461400,15.8959655700,15.6494334000,15.6923085600,15.7137461400,2594400,38134812.0000,1,2.023600,1,-0.136400,0
219,2019-11-27,sh.603920,15.6923085600,16.0245910500,15.4457763900,15.8959655700,15.6923085600,4109300,60792688.0000,1,3.205100,1,1.297800,0
220,2019-11-28,sh.603920,15.8745279900,16.5283741800,15.8638092000,16.3568735400,15.8959655700,6102800,92636314.0000,1,4.760000,1,2.899500,0
221,2019-11-29,sh.603920,16.1639353200,16.6462808700,16.1639353200,16.3461547500,16.3568735400,4418000,67717653.0000,1,3.445900,1,-0.065500,0
222,2019-12-02,sh.603920,16.3139983800,16.8499378800,16.3139983800,16.6034057100,16.3461547500,4873772,75697499.0000,1,3.801400,1,1.573800,0
223,2019-12-03,sh.603920,16.5283741800,17.1071888400,16.4640614400,17.0857512600,16.6034057100,6031972,94827180.0000,1,4.704800,1,2.905100,0
224,2019-12-04,sh.603920,16.9785633600,17.1393452100,16.8392190900,16.9464069900,17.0857512600,4416896,70010435.0000,1,3.445000,1,-0.815600,0
225,2019-12-05,sh.603920,17.0535948900,17.4073149600,17.0535948900,17.1715015800,16.9464069900,6233065,100149487.0000,1,4.861600,1,1.328300,0
226,2019-12-06,sh.603920,17.2465331100,17.4287525400,17.0857512600,17.3001270600,17.1715015800,5102530,82163585.0000,1,3.979800,1,0.749100,0
227,2019-12-09,sh.603920,17.3001270600,17.5466592300,17.0643136800,17.2143767400,17.3001270600,4966075,80098529.0000,1,3.873400,1,-0.495700,0
228,2019-12-10,sh.603920,17.2572519000,17.3644398000,16.9249694100,17.2894082700,17.2143767400,5495100,87949540.0000,1,4.286000,1,0.435900,0
229,2019-12-11,sh.603920,17.2358143200,17.4501901200,17.0428761000,17.1071888400,17.2894082700,4172378,67031618.0000,1,3.254300,1,-1.053900,0
230,2019-12-12,sh.603920,17.1607827900,18.1254738900,17.1071888400,17.8039101900,17.1071888400,11405486,188208467.0000,1,8.895900,1,4.072700,0
231,2019-12-13,sh.603920,17.6324095500,17.7931914000,17.4287525400,17.6752847100,17.8039101900,7943201,130166890.0000,1,6.057900,1,-0.722500,0
232,2019-12-16,sh.603920,17.6860035000,18.2433805800,17.6002531800,18.2112242100,17.6752847100,9450221,158736059.0000,1,7.207200,1,3.032100,0
233,2019-12-17,sh.603920,18.1897866300,18.3612872700,17.9110980900,18.1147551000,18.2112242100,8184075,138228450.0000,1,6.241600,1,-0.529700,0
234,2019-12-18,sh.603920,18.1361926800,18.3291309000,18.0504423600,18.3184121100,18.1147551000,8187700,138945445.0000,1,6.244300,1,1.124300,0
235,2019-12-19,sh.603920,18.3291309000,18.3398496900,18.0075672000,18.1683490500,18.3184121100,6604711,112008676.0000,1,5.037100,1,-0.819200,0
236,2019-12-20,sh.603920,18.1469114700,18.2219430000,17.7717538200,17.7931914000,18.1683490500,6418600,107622873.0000,1,4.895100,1,-2.064900,0
237,2019-12-23,sh.603920,17.5788156000,17.6431283400,17.2250955300,17.2250955300,17.7931914000,5403663,87880383.0000,1,4.121100,1,-3.192800,0
238,2019-12-24,sh.603920,17.3108458500,17.6645659200,17.2679706900,17.6324095500,17.2250955300,3798760,61927320.0000,1,2.897100,1,2.364700,0
239,2019-12-25,sh.603920,17.6645659200,18.9401019300,17.5895343900,18.5542254900,17.6324095500,15280830,263947674.0000,1,11.653900,1,5.228000,0
240,2019-12-26,sh.603920,20.4085761600,20.4085761600,20.4085761600,20.4085761600,18.5542254900,6498875,123738580.0000,1,4.956300,1,9.994200,0
241,2019-12-27,sh.603920,22.4451462600,22.4451462600,21.2232042000,21.7484249100,20.4085761600,57080536,1173958193.0000,1,43.532200,1,6.565100,0
242,2019-12-30,sh.603920,23.3669622000,23.3776809900,21.1160163000,21.2660793600,21.7484249100,48324472,1010562469.0000,1,36.854500,1,-2.217800,0
243,2019-12-31,sh.603920,21.0731411400,21.9949570800,20.4192949500,20.4621701100,21.2660793600,34007185,669168170.0000,1,25.935400,1,-3.780200,0
244,2020-01-02,sh.603920,20.7515774400,22.5094590000,20.7515774400,22.5094590000,20.4621701100,25633333,517449515.0000,1,19.549200,1,10.005200,0
245,2020-01-03,sh.603920,23.3455246200,24.7604049000,22.9810857600,24.7604049000,22.5094590000,28183253,628109808.0000,1,21.493800,1,10.000000,0
246,2020-01-06,sh.603920,27.2364453900,27.2364453900,27.2364453900,27.2364453900,24.7604049000,2204063,56005241.0000,1,1.680900,1,10.000000,0
247,2020-01-07,sh.603920,29.9590180500,29.9590180500,29.4873912900,29.9590180500,27.2364453900,22556341,630405379.0000,1,17.202500,1,9.996100,0
248,2020-01-08,sh.603920,30.4949575500,32.8530913500,28.9621705800,29.4230785500,29.9590180500,76968522,2187324319.0000,1,58.699700,1,-1.788900,0
249,2020-01-09,sh.603920,30.0340495800,30.5056763400,26.8291313700,27.4615399800,29.4230785500,50074018,1322871119.0000,1,38.188800,1,-6.666700,0
250,2020-01-10,sh.603920,27.0971011200,28.1689801200,26.7969750000,26.8505689500,27.4615399800,31531887,806915048.0000,1,24.047700,1,-2.224800,0
251,2020-01-13,sh.603920,27.5044151400,28.7692323600,27.0435071700,28.6834820400,26.8505689500,35815889,939639849.0000,1,27.314800,1,6.826400,0
252,2020-01-14,sh.603920,28.5655753500,29.7875174100,27.6866345700,27.9010103700,28.6834820400,36692446,986282748.0000,1,27.983400,1,-2.728000,0
253,2020-01-15,sh.603920,27.2900393400,27.4615399800,25.6822208400,26.7969750000,27.9010103700,24844585,614606942.0000,1,18.947600,1,-3.957000,0
254,2020-01-16,sh.603920,26.5504428300,27.4829775600,26.1860039700,27.0006320100,26.7969750000,17761995,447141862.0000,1,13.546100,1,0.760000,0
255,2020-01-17,sh.603920,26.9577568500,27.3865084500,26.1431288100,26.1752851800,27.0006320100,13853971,344360244.0000,1,10.565700,1,-3.056800,0
256,2020-01-20,sh.603920,26.1752851800,26.9684756400,25.4785638300,26.5933179900,26.1752851800,17762569,437586567.0000,1,13.546600,1,1.597000,0
257,2020-01-21,sh.603920,26.9041629000,28.9192954200,26.7005058900,27.6759157800,26.5933179900,23181785,606876879.0000,1,17.679500,1,4.070900,0
258,2020-01-22,sh.603920,27.5687278800,30.4413636000,27.3329145000,30.4413636000,27.6759157800,17250383,472052417.0000,1,13.155900,1,9.992300,0
259,2020-01-23,sh.603920,32.1563700000,33.4854999600,31.0844910000,31.7276184000,30.4413636000,42667344,1304394396.0000,1,32.540100,1,4.225400,0
260,2020-02-03,sh.603920,28.5548565600,28.5548565600,28.5548565600,28.5548565600,31.7276184000,2960500,78867720.0000,1,2.257800,1,-10.000000,0
261,2020-02-04,sh.603920,27.1292574900,31.2238352700,27.1292574900,30.6878957700,28.5548565600,32372588,902533759.0000,1,24.688800,1,7.470000,0
262,2020-02-05,sh.603920,31.9205566200,33.4211872200,28.6834820400,28.9407330000,30.6878957700,39318828,1148052015.0000,1,29.986400,1,-5.693300,0
263,2020-02-06,sh.603920,26.9041629000,29.6910483000,26.2610355000,29.2408591200,28.9407330000,33249520,860465988.0000,1,25.357600,1,1.037000,0
264,2020-02-07,sh.603920,28.6191693000,28.7156384100,27.4079460300,27.8902915800,29.2408591200,22618147,592616464.0000,1,17.249600,1,-4.618800,0
265,2020-02-10,sh.603920,27.9438855300,29.2194215400,27.6008842500,28.9407330000,27.8902915800,20172129,536827306.0000,1,15.384200,1,3.766300,0
266,2020-02-11,sh.603920,28.9407330000,28.9407330000,27.2686017600,28.3190431800,28.9407330000,15611981,412718538.0000,1,11.906400,1,-2.148100,0
267,2020-02-12,sh.603920,28.1904177000,30.0126120000,27.6223218300,29.6052979800,28.3190431800,21937112,587027145.0000,1,16.730300,1,4.542000,0
268,2020-02-13,sh.603920,29.2194215400,29.5195476600,28.1904177000,28.7477947800,29.6052979800,18690837,502862666.0000,1,14.254500,1,-2.896500,0
269,2020-02-14,sh.603920,28.9300142100,31.5668365500,28.8871390500,30.4735199700,28.7477947800,24366534,685107082.0000,1,18.583000,1,6.003000,0
270,2020-02-17,sh.603920,30.4735199700,31.5239613900,30.0126120000,31.4060547000,30.4735199700,21724517,625015086.0000,1,16.568100,1,3.060100,0
271,2020-02-18,sh.603920,31.0952097900,32.5744028100,31.0952097900,31.7704935600,31.4060547000,21970871,650125509.0000,1,16.756000,1,1.160400,0
272,2020-02-19,sh.603920,32.1134948400,33.0674671500,30.0126120000,30.0233307900,31.7704935600,24285647,712384596.0000,1,18.521400,1,-5.499300,0
273,2020-02-20,sh.603920,30.3234569100,30.5163951300,29.1015148500,30.0662059500,30.0233307900,17370024,482099531.0000,1,13.247200,1,0.142800,0
274,2020-02-21,sh.603920,29.6374543500,30.5807078700,29.4230785500,30.3020193300,30.0662059500,16465830,461929241.0000,1,12.557600,1,0.784300,0
275,2020-02-24,sh.603920,30.0126120000,31.9527129900,29.2408591200,31.8240875100,30.3020193300,22543675,647480479.0000,1,17.192800,1,5.023000,0
276,2020-02-25,sh.603920,30.8808339900,31.3417419600,28.7263572000,30.7093333500,31.8240875100,23669706,671764103.0000,1,18.051600,1,-3.502900,0
277,2020-02-26,sh.603920,29.3373282300,29.7553610400,27.6437594100,27.6437594100,30.7093333500,20290654,541816097.0000,1,15.474600,1,-9.982500,0
278,2020-02-27,sh.603920,27.6008842500,27.8581352100,25.9180342200,26.7326622600,27.6437594100,12176432,304805367.0000,1,9.286300,1,-3.295900,0
279,2020-02-28,sh.603920,24.7711236900,25.5857517300,24.4066848300,24.4602787800,26.7326622600,12148176,282829192.0000,1,9.264800,1,-8.500400,0
280,2020-03-02,sh.603920,25.2427504500,26.6254743600,24.8461552200,26.0466597000,24.4602787800,11058621,265784208.0000,1,8.433800,1,6.485500,0
281,2020-03-03,sh.603920,26.8398501600,27.5365715100,25.8108463200,26.1324100200,26.0466597000,10882257,271105293.0000,1,8.299300,1,0.329200,0
282,2020-03-04,sh.603920,25.5214389900,26.1109724400,25.0069370700,25.8965966400,26.1324100200,6437084,153977886.0000,1,4.909200,1,-0.902400,0
283,2020-03-05,sh.603920,26.6683495200,26.7862562100,25.6179081000,26.1431288100,25.8965966400,7696590,187582723.0000,1,5.869800,1,0.952000,0
284,2020-03-06,sh.603920,25.6715020500,26.4110985600,25.4464074600,26.1431288100,26.1431288100,5578328,135722375.0000,1,4.254300,1,0.000000,0
285,2020-03-09,sh.603920,26.0895348600,26.0895348600,24.4388412000,24.4602787800,26.1431288100,7738040,181930377.0000,1,5.901400,1,-6.437100,0
286,2020-03-10,sh.603920,23.9136204900,25.6179081000,23.9136204900,25.6071893100,24.4602787800,7460424,174077603.0000,1,5.689700,1,4.688900,0
287,2020-03-11,sh.603920,25.7465335800,26.2610355000,24.8997491700,24.9211867500,25.6071893100,6890000,164988943.0000,1,5.254600,1,-2.678900,0
288,2020-03-12,sh.603920,24.2459029800,25.1141249700,23.9564956500,24.3745284600,24.9211867500,5679250,129167185.0000,1,4.331300,1,-2.193500,0
289,2020-03-13,sh.603920,22.9489293900,25.0819686000,22.9382106000,24.8675928000,24.3745284600,8575418,191204878.0000,1,6.540000,1,2.022900,0
290,2020-03-16,sh.603920,24.9854994900,25.1570001300,22.3808335200,22.3808335200,24.8675928000,11530694,251059833.0000,1,8.793800,1,-10.000000,0
291,2020-03-17,sh.603920,22.5094590000,22.8631790700,21.1160163000,22.0163946600,22.3808335200,7996431,163175875.0000,1,6.098400,1,-1.628300,0
292,2020-03-18,sh.603920,22.4022711000,22.8095851200,21.3839860500,21.3839860500,22.0163946600,6222821,128751022.0000,1,4.745800,1,-2.872400,0
293,2020-03-19,sh.603920,21.5233303200,21.9735195000,21.1267350900,21.8234564400,21.3839860500,6990984,141053456.0000,1,5.331600,1,2.055100,0
294,2020-03-20,sh.603920,22.5523341600,22.7452723800,21.7055497500,21.8770503900,21.8234564400,5527991,113629341.0000,1,4.215900,1,0.245600,0
295,2020-03-23,sh.603920,21.1374538800,21.5340491100,20.2049191500,20.4943264800,21.8770503900,6431221,125225486.0000,1,4.904700,1,-6.320400,0
296,2020-03-24,sh.603920,20.9445156600,21.3089545200,19.7440111800,20.6229519600,20.4943264800,5850698,112250030.0000,1,4.462000,1,0.627600,0
297,2020-03-25,sh.603920,21.2767981500,21.8341752300,21.1267350900,21.4911739500,20.6229519600,7238111,144925222.0000,1,5.520100,1,4.210000,0
298,2020-03-26,sh.603920,21.6841121700,21.6948309600,21.0195471900,21.0624223500,21.4911739500,4888600,97207109.0000,1,3.728300,1,-1.995000,0
299,2020-03-27,sh.603920,21.2982357300,21.5018927400,20.5693580100,20.5693580100,21.0624223500,4377500,86086528.0000,1,3.338500,1,-2.341000,0
300,2020-03-30,sh.603920,20.2263567300,20.5693580100,19.2938220000,19.8297615000,20.5693580100,5330500,98394907.0000,1,4.065300,1,-3.595600,0
301,2020-03-31,sh.603920,20.1727627800,20.3335446300,19.3795723200,19.4974790100,19.8297615000,4350300,80273471.0000,1,3.317700,1,-1.675700,0
302,2020-04-01,sh.603920,19.5939481200,20.2370755200,19.4224474800,19.7118548100,19.4974790100,5265880,97686662.0000,1,4.016000,1,1.099500,0
303,2020-04-02,sh.603920,19.8404802900,20.6872647000,19.6689796500,20.6872647000,19.7118548100,6373847,120225910.0000,1,4.861000,1,4.948300,0
304,2020-04-03,sh.603920,20.8373277600,21.0731411400,20.2906694700,20.4514513200,20.6872647000,5548100,107007075.0000,1,4.231200,1,-1.139900,0
305,2020-04-07,sh.603920,20.9445156600,21.1374538800,20.7730150200,21.0302659800,20.4514513200,6642600,129829697.0000,1,5.066000,1,2.830200,0
306,2020-04-08,sh.603920,20.9445156600,21.3196733100,20.7087022800,21.2339229900,21.0302659800,5061701,99672384.0000,1,3.860300,1,0.968400,0
307,2020-04-09,sh.603920,21.2767981500,21.5447679000,21.1481726700,21.2446417800,21.2339229900,4166400,82831002.0000,1,3.177500,1,0.050500,0
308,2020-04-10,sh.603920,21.2875169400,21.3089545200,20.2370755200,20.4514513200,21.2446417800,4748050,91446913.0000,1,3.621100,1,-3.733600,0
309,2020-04-13,sh.603920,20.3335446300,20.5264828500,19.6153857000,19.8297615000,20.4514513200,3979700,74161492.0000,1,3.035100,1,-3.039800,0
310,2020-04-14,sh.603920,20.2049191500,21.8127376500,20.2049191500,21.8127376500,19.8297615000,6564500,130462356.0000,1,5.006400,1,10.000000,0
311,2020-04-15,sh.603920,22.8310227000,23.9993708100,22.5416153700,23.6456507400,21.8127376500,22595618,498953556.0000,1,17.232500,1,8.402900,0
312,2020-04-16,sh.603920,22.6380844800,24.6317794200,22.6380844800,23.7957138000,23.6456507400,23702933,525101185.0000,1,18.076900,1,0.634600,0
313,2020-04-17,sh.603920,23.7635574300,24.8890303800,23.4205561500,23.4205561500,23.7957138000,15676435,352002177.0000,1,11.955600,1,-1.576600,0
314,2020-04-20,sh.603920,23.3348058300,24.2244654000,23.2061803500,23.4741501000,23.4205561500,10156996,223727889.0000,1,7.746200,1,0.228800,0
315,2020-04-21,sh.603920,23.4741501000,23.4741501000,22.7345535900,23.1525864000,23.4741501000,7935625,170493354.0000,1,6.052100,1,-1.369900,0
316,2020-04-22,sh.603920,22.7023972200,23.3455246200,22.5952093200,23.0989924500,23.1525864000,7429806,159265197.0000,1,5.666300,1,-0.231500,0
317,2020-04-23,sh.603920,23.1847427700,23.1847427700,22.1986140900,22.2522080400,23.0989924500,7417106,156153437.0000,1,5.656600,1,-3.665900,0
318,2020-04-24,sh.603920,22.4880214200,22.7774287500,21.4697363700,21.5662054800,22.2522080400,6550734,134367147.0000,1,4.995900,1,-3.082800,0
319,2020-04-27,sh.603920,21.6626745900,22.1128637700,21.3089545200,22.0378322400,21.5662054800,6076656,123791446.0000,1,1.501500,1,2.186900,0
320,2020-04-28,sh.603920,22.3701147300,22.4022711000,20.7408586500,21.8877691800,22.0378322400,8558872,173362438.0000,1,2.114800,1,-0.680900,0
321,2020-04-29,sh.603920,22.4880214200,24.0744023400,22.4665838400,24.0744023400,21.8877691800,7988750,175162971.0000,1,1.973900,1,9.990200,0
322,2020-04-30,sh.603920,25.5000014100,26.4861300900,25.2213128700,26.4861300900,24.0744023400,16095418,391512780.0000,1,3.977000,1,10.017800,0
323,2020-05-06,sh.603920,26.7433810500,27.9760419000,25.8322839000,27.3221957100,26.4861300900,26727142,671858792.0000,1,6.604000,1,3.156600,0
324,2020-05-07,sh.603920,26.9041629000,28.1368237500,26.6683495200,26.8291313700,27.3221957100,21256094,542874650.0000,1,5.252100,1,-1.804600,0
325,2020-05-08,sh.603920,26.8505689500,27.8474164200,26.8505689500,27.0756635400,26.8291313700,16257786,412713056.0000,1,4.017100,1,0.918900,0
326,2020-05-11,sh.603920,27.2150078100,28.1261049600,26.9363192700,27.3436332900,27.0756635400,12930164,331025046.0000,1,3.194900,1,0.989700,0
327,2020-05-12,sh.603920,26.9577568500,27.3221957100,26.3360670300,26.9148816900,27.3436332900,11895000,297475985.0000,1,2.939100,1,-1.568000,0
328,2020-05-13,sh.603920,27.0113508000,27.0113508000,26.1216912300,26.4754113000,26.9148816900,8968100,221488241.0000,1,2.215900,1,-1.632800,0
329,2020-05-14,sh.603920,26.4754113000,26.5611616200,25.8322839000,26.0145033300,26.4754113000,8398530,205194740.0000,1,2.075200,1,-1.740900,0
330,2020-05-15,sh.603920,26.1752851800,26.9041629000,25.8858778500,26.3146294500,26.0145033300,12591918,311199901.0000,1,3.111300,1,1.153700,0
331,2020-05-18,sh.603920,26.0573784900,26.3253482400,24.9747807000,25.4678450400,26.3146294500,14157522,339413549.0000,1,3.498200,1,-3.217900,0
332,2020-05-19,sh.603920,26.0573784900,26.8720065300,25.8108463200,26.6361931500,25.4678450400,12198078,301159809.0000,1,3.014000,1,4.587500,0
333,2020-05-20,sh.603920,26.5182864600,26.5718804100,25.5964705200,25.8215651100,26.6361931500,10165285,247301040.0000,1,2.511700,1,-3.058400,0
334,2020-05-21,sh.603920,26.0252221200,26.1324100200,24.6532170000,24.6532170000,25.8215651100,8047300,189798144.0000,1,1.988400,1,-4.524700,0
335,2020-05-22,sh.603920,25.1891565000,27.0113508000,24.6746545800,24.7818424800,24.6532170000,16256100,388730879.0000,1,4.016700,1,0.521700,0
336,2020-05-25,sh.603920,24.9962182800,25.9073154300,24.0744023400,24.7925612700,24.7818424800,13105305,305886533.0000,1,3.238200,1,0.043200,0
337,2020-05-26,sh.603920,24.9211867500,26.1431288100,24.6532170000,25.9073154300,24.7925612700,14117583,337289964.0000,1,3.488300,1,4.496300,0
338,2020-05-27,sh.603920,25.8644402700,25.9180342200,24.7818424800,24.7925612700,25.9073154300,11109623,261707958.0000,1,2.745100,1,-4.302900,0
339,2020-05-28,sh.603920,24.7175297400,24.9319055400,23.6349319500,24.2137466100,24.7925612700,9965800,225025761.0000,1,2.462400,1,-2.334600,0
340,2020-05-29,sh.603920,24.2673405600,24.8032800600,24.1065587100,24.3852472500,24.2137466100,6220035,141908479.0000,1,1.536900,1,0.708300,0
341,2020-06-01,sh.603920,24.6317794200,26.0680972800,24.5781854700,25.9394718000,24.3852472500,10718797,255804519.0000,1,2.648500,1,6.373600,0
342,2020-06-02,sh.603920,26.4325361400,27.1185387000,26.0788160700,26.2395979200,25.9394718000,13397435,331715722.0000,1,3.310400,1,1.157000,0
343,2020-06-03,sh.603920,26.2503167100,26.5825992000,25.6179081000,25.8537214800,26.2395979200,8834000,213972756.0000,1,2.182800,1,-1.470600,0
344,2020-06-04,sh.603920,25.9716281700,26.7755374200,25.9716281700,26.1538476000,25.8537214800,10336527,254086541.0000,1,2.554000,1,1.160900,0
345,2020-06-05,sh.603920,26.2181603400,26.3896609800,25.5750329400,25.9394718000,26.1538476000,9171590,222463521.0000,1,2.266200,1,-0.819700,0
346,2020-06-08,sh.603920,26.0895348600,26.3146294500,25.4035323000,25.5107202000,25.9394718000,6490700,156259860.0000,1,1.603800,1,-1.652900,0
347,2020-06-09,sh.603920,26.3146294500,28.0617922200,26.3146294500,27.6544782000,25.5107202000,21414583,550697364.0000,1,5.291300,1,8.403400,0
348,2020-06-10,sh.603920,27.1506950700,27.6544782000,26.3682234000,26.3896609800,27.6544782000,16945481,424877271.0000,1,4.187000,1,-4.573600,0
349,2020-06-11,sh.603920,27.4293836100,28.2761680200,26.9148816900,27.0863823300,26.3896609800,20584282,529346648.0000,1,5.086200,1,2.640100,0
350,2020-06-12,sh.603920,26.6790683100,26.6897871000,25.7786899500,25.9930657500,27.0863823300,16275400,397581572.0000,1,4.021500,1,-4.036400,0
351,2020-06-15,sh.603920,25.5535953600,25.5964705200,24.6960921600,24.7068109500,25.9930657500,12407695,289727614.0000,1,3.065800,1,-4.948500,0
352,2020-06-16,sh.603920,25.0069370700,25.3606571400,24.9104679600,25.2963444000,24.7068109500,7664981,179725602.0000,1,1.893900,1,2.386100,0
353,2020-06-17,sh.603920,25.1891565000,25.4464074600,24.6532170000,25.1355625500,25.2963444000,6891324,160305908.0000,1,1.702800,1,-0.635600,0
354,2020-06-18,sh.603920,25.0926873900,25.6822208400,24.8997491700,25.5964705200,25.1355625500,8295795,196874437.0000,1,2.049800,1,1.833700,0
355,2020-06-19,sh.603920,25.8430026900,26.1324100200,25.5750329400,25.7786899500,25.5964705200,7690395,185386792.0000,1,1.900200,1,0.711900,0
356,2020-06-22,sh.603920,25.8322839000,26.7326622600,25.8322839000,26.7219434700,25.7786899500,10232000,251580720.0000,1,2.528200,1,3.659000,0
357,2020-06-23,sh.603920,26.6790683100,26.6897871000,26.0037845400,26.3682234000,26.7219434700,7217301,176982946.0000,1,1.783300,1,-1.323700,0
358,2020-06-24,sh.603920,26.3789421900,26.7433810500,26.1967227600,26.6254743600,26.3682234000,7060905,174465535.0000,1,1.744700,1,0.975600,0
359,2020-06-29,sh.603920,26.2610355000,26.3039106600,25.6607832600,25.7036584200,26.6254743600,6278100,151707611.0000,1,1.551200,1,-3.462200,0
360,2020-06-30,sh.603920,25.9073154300,26.9899132200,25.8965966400,26.5718804100,25.7036584200,9615400,238380186.0000,1,2.375900,1,3.377800,0
361,2020-07-01,sh.603920,27.4829775600,27.8152600500,26.1002536500,26.5718804100,26.5718804100,13629600,343139314.0000,1,3.367700,1,0.000000,0
362,2020-07-02,sh.603920,26.5290052500,26.9684756400,26.3146294500,26.8720065300,26.5718804100,9098800,226390521.0000,1,2.248200,1,1.129500,0
363,2020-07-03,sh.603920,27.1399762800,27.8152600500,26.9363192700,27.5794466700,26.8720065300,12480327,318804526.0000,1,3.083800,1,2.632600,0
364,2020-07-06,sh.603920,28.0617922200,29.4981100800,27.4401024000,29.0800772700,27.5794466700,15311809,405394831.0000,1,3.783400,1,5.441100,0
365,2020-07-07,sh.603920,29.4981100800,30.3341757000,28.9407330000,29.5624228200,29.0800772700,16144567,447034452.0000,1,3.989100,1,1.658700,0
366,2020-07-08,sh.603920,29.3694846000,29.9697368400,29.1551088000,29.6588919300,29.5624228200,12089312,332243584.0000,1,2.987100,1,0.326300,0
367,2020-07-09,sh.603920,29.6261597000,30.1828782500,29.3750905500,29.8008165000,29.6589078500,14272539,389001973.0000,1,3.526600,1,0.478500,0
368,2020-07-10,sh.603920,29.7899004500,29.7899004500,28.7419596500,29.2440979500,29.8008165000,12034123,323337641.0000,1,2.973500,1,-1.868100,0
369,2020-07-13,sh.603920,29.7353202000,30.6741005000,29.4951671000,30.5649400000,29.2440979500,13020884,359940359.0000,1,3.217300,1,4.516600,0
370,2020-07-14,sh.603920,30.4121153000,30.8705894000,29.2768461000,29.9318091000,30.5649400000,11404334,314130578.0000,1,2.817900,1,-2.071400,0
371,2020-07-15,sh.603920,30.1064659000,30.3138708500,28.1634090000,28.4035621000,29.9318091000,12870018,341031550.0000,1,3.180000,1,-5.105800,0
372,2020-07-16,sh.603920,28.5345547000,28.8183720000,26.5041694000,26.5260015000,28.4035621000,9708199,245799256.0000,1,2.398800,1,-6.610300,0
373,2020-07-17,sh.603920,26.5587496500,26.9080632500,26.0784434500,26.3295126000,26.5260015000,6692900,162122140.0000,1,1.653700,1,-0.740700,0
374,2020-07-20,sh.603920,26.6897422500,26.9844756000,25.9911150500,26.9517274500,26.3295126000,7005681,170614928.0000,1,1.731000,1,2.363200,0
375,2020-07-21,sh.603920,27.0936361000,27.2246287000,26.4605052000,27.0063077000,26.9517274500,5750725,141883260.4500,1,1.420900,1,0.202500,0
376,2020-07-22,sh.603920,26.9626435000,27.2792089500,26.5260015000,26.7334064500,27.0063077000,5711826,140909039.4000,1,1.411300,1,-1.010500,0
377,2020-07-23,sh.603920,26.7224904000,26.7224904000,25.5763051500,26.4605052000,26.7334064500,6609506,158357104.4700,1,1.633100,1,-1.020800,0
378,2020-07-24,sh.603920,26.1876039500,26.7115743500,24.3318754500,24.5829446000,26.4605052000,7852374,182800072.1800,1,1.940200,1,-7.095700,0
379,2020-07-27,sh.603920,24.7357693000,24.9759224000,24.0371421000,24.7576014000,24.5829446000,4435507,100065739.2000,1,1.096000,1,0.710500,0
380,2020-07-28,sh.603920,24.8121816500,25.2269915500,24.7794335000,25.1505792000,24.7576014000,3546400,81444023.8400,1,0.876300,1,1.587300,0
381,2020-07-29,sh.603920,24.9977545000,25.8382903500,24.9977545000,25.7291298500,25.1505792000,3989010,93179788.5000,1,0.985600,1,2.300300,0
382,2020-07-30,sh.603920,25.8164582500,25.9911150500,25.2815718000,25.4998928000,25.7291298500,4571700,106970758.0000,1,1.129600,1,-0.891000,0
383,2020-07-31,sh.603920,25.7618780000,26.2858484000,25.6308854000,25.7946261500,25.4998928000,4760500,112956047.0000,1,1.176300,1,1.155800,0
384,2020-08-03,sh.603920,25.9583669000,26.4495891500,25.8601224500,26.3731768000,25.7946261500,4459551,107092901.6600,1,1.101900,1,2.242900,0
385,2020-08-04,sh.603920,26.1985200000,26.4714212500,25.8492064000,25.9365348000,26.3731768000,4494000,107299592.2400,1,1.110400,1,-1.655600,0
386,2020-08-05,sh.603920,26.9626435000,26.9626435000,26.1985200000,26.2640163000,25.9365348000,5464622,132408599.7300,1,1.350200,1,1.262600,0
387,2020-08-06,sh.603920,26.2640163000,26.2640163000,25.5653891000,25.8819545500,26.2640163000,5340867,126474472.9600,1,1.319700,1,-1.454700,0
388,2020-08-07,sh.603920,25.8164582500,25.8601224500,24.8449298000,25.6090533000,25.8819545500,4864246,113103217.2700,1,1.201900,1,-1.054400,0
389,2020-08-10,sh.603920,25.5217249000,25.8710385000,25.2706557500,25.6745496000,25.6090533000,2896768,67824865.6000,1,0.715800,1,0.255800,0
390,2020-08-11,sh.603920,25.4343965000,25.7509619500,25.1069150000,25.1833273500,25.6745496000,3401889,79580983.8000,1,0.840600,1,-1.913300,0
391,2020-08-12,sh.603920,25.0741668500,25.1942434000,24.2663791500,24.9213421500,25.1833273500,3637416,82078813.0500,1,0.898800,1,-1.040300,0
392,2020-08-13,sh.603920,25.1724113000,25.9474508500,25.1069150000,25.1396631500,24.9213421500,3623168,84507459.7900,1,0.895200,1,0.876000,0
393,2020-08-14,sh.603920,25.0414187000,25.9147027000,24.7903495500,25.8055422000,25.1396631500,4194423,97615438.2300,1,1.036400,1,2.648700,0
394,2020-08-17,sh.603920,25.7291298500,26.2967644500,25.4343965000,26.2421842000,25.8055422000,4778490,113939851.0000,1,1.180700,1,1.692000,0
395,2020-08-18,sh.603920,26.3731768000,26.5150854500,25.9911150500,26.1002755500,26.2421842000,3081640,73766854.8900,1,0.761400,1,-0.540800,0
396,2020-08-19,sh.603920,25.9692829500,25.9801990000,25.2924878500,25.3579841500,26.1002755500,3254500,76523444.0000,1,0.804200,1,-2.844000,0
397,2020-08-20,sh.603920,25.2597397000,25.7182138000,24.8995100500,25.4125644000,25.3579841500,3162892,73244415.5300,1,0.781500,1,0.215200,0
398,2020-08-21,sh.603920,25.4234804500,26.3404286500,25.4234804500,26.2967644500,25.4125644000,4971733,118087082.3700,1,1.228500,1,3.479400,0
399,2020-08-24,sh.603920,26.3076805000,27.0172237500,25.5763051500,26.8753151000,26.2967644500,6337485,153407386.1400,1,1.565900,1,2.200100,0
400,2020-08-25,sh.603920,26.5260015000,26.6351620000,26.0347792500,26.1221076500,26.8753151000,6029590,144979449.7000,1,1.489800,1,-2.802600,0
401,2020-08-26,sh.603920,26.1221076500,26.3840928500,24.9650063500,25.0850829000,26.1221076500,4837023,113003687.2700,1,1.195200,1,-3.969900,0
402,2020-08-27,sh.603920,25.1287471000,25.5326409500,24.7248532500,25.4125644000,25.0850829000,3785082,87169249.8200,1,0.935300,1,1.305500,0
403,2020-08-28,sh.603920,25.3252360000,25.6527175000,25.0523347500,25.4453125500,25.4125644000,2382881,55269995.6100,1,0.588800,1,0.128900,0
404,2020-08-31,sh.603920,25.5435570000,25.7072977500,25.2597397000,25.2706557500,25.4453125500,3041152,71004104.8000,1,0.751400,1,-0.686400,0
405,2020-09-01,sh.603920,25.3361520500,25.7072977500,25.0523347500,25.6527175000,25.2706557500,3113517,72635145.9300,1,0.769300,1,1.511900,0
406,2020-09-02,sh.603920,25.6308854000,26.1111916000,25.5435570000,25.9474508500,25.6527175000,3567499,84544775.8500,1,0.881500,1,1.148900,0
407,2020-09-03,sh.603920,25.8601224500,25.9365348000,25.5981372500,25.7072977500,25.9474508500,2374800,55957421.9400,1,0.586800,1,-0.925500,0
408,2020-09-04,sh.603920,25.2706557500,26.0893595000,25.1178310500,25.9365348000,25.7072977500,2366700,55931231.0000,1,0.584800,1,0.891700,0
409,2020-09-07,sh.603920,26.1439397500,26.1766879000,25.6527175000,25.8819545500,25.9365348000,3218075,76571599.8200,1,0.795200,1,-0.210400,0
410,2020-09-08,sh.603920,26.0675274000,26.0675274000,25.1942434000,25.7618780000,25.8819545500,2779300,65178173.0000,1,0.686700,1,-0.463900,0
411,2020-09-09,sh.603920,25.4125644000,25.8164582500,24.6811890500,25.2597397000,25.7618780000,3337146,77317408.8600,1,0.824600,1,-1.949200,0
412,2020-09-10,sh.603920,25.4125644000,25.7182138000,25.1069150000,25.2269915500,25.2597397000,2636200,61305482.0000,1,0.651400,1,-0.129600,0
413,2020-09-11,sh.603920,25.0195866000,25.4125644000,25.0195866000,25.1833273500,25.2269915500,1594200,36823526.0000,1,0.393900,1,-0.173100,0
414,2020-09-14,sh.603920,25.3252360000,25.3798162500,25.0305026500,25.2706557500,25.1833273500,1464500,33848645.0000,1,0.361900,1,0.346800,0
415,2020-09-15,sh.603920,25.2269915500,25.6308854000,24.9759224000,25.5544730500,25.2706557500,1917231,44658235.4800,1,0.473700,1,1.123100,0
416,2020-09-16,sh.603920,25.4998928000,26.2421842000,25.3252360000,26.0893595000,25.5544730500,3699091,87997604.6600,1,0.914000,1,2.093100,0
417,2020-09-17,sh.603920,26.0784434500,26.6351620000,25.7618780000,26.2640163000,26.0893595000,4067935,97930047.7900,1,1.005100,1,0.669500,0
418,2020-09-18,sh.603920,26.4277570500,26.7989027500,25.9801990000,26.3295126000,26.2640163000,3196753,76866117.9100,1,0.789900,1,0.249400,0
419,2020-09-21,sh.603920,26.3622607500,26.6897422500,26.1111916000,26.5260015000,26.3295126000,2871169,69618708.5200,1,0.709400,1,0.746300,0
420,2020-09-22,sh.603920,26.3622607500,26.4277570500,25.8710385000,26.0129471500,26.5260015000,2232300,53578440.0000,1,0.551600,1,-1.934200,0
421,2020-09-23,sh.603920,26.2967644500,26.4059249500,25.9911150500,26.2749323500,26.0129471500,1817225,43643683.7000,1,0.449000,1,1.007100,0
422,2020-09-24,sh.603920,26.0347792500,26.7989027500,26.0020311000,26.3076805000,26.2749323500,3421034,82823313.3900,1,0.845300,1,0.124600,0
423,2020-09-25,sh.603920,26.3622607500,26.5260015000,25.3798162500,25.9365348000,26.3076805000,3062010,72478961.8000,1,0.756600,1,-1.410800,0
424,2020-09-28,sh.603920,25.4889767500,25.9037866500,25.2160755000,25.6527175000,25.9365348000,2134965,49942539.5000,1,0.527500,1,-1.094300,0
425,2020-09-29,sh.603920,25.5217249000,27.6721867500,25.4562286000,27.0827200500,25.6527175000,7366693,181289335.5400,1,1.820200,1,5.574500,0
426,2020-09-30,sh.603920,27.3010410500,27.4756978500,26.6351620000,26.8534830000,27.0827200500,3274155,80756610.1600,1,0.809000,1,-0.846400,0
427,2020-10-09,sh.603920,27.4102015500,27.9014238000,27.0827200500,27.8468435500,26.8534830000,6251350,157919556.7900,1,1.544600,1,3.699200,0
428,2020-10-12,sh.603920,28.0760806000,28.1961571500,27.6176065000,28.0433324500,27.8468435500,5003245,127716734.3500,1,1.236200,1,0.705600,0
429,2020-10-13,sh.603920,27.8250114500,27.8250114500,27.4975299500,27.6176065000,28.0433324500,3459766,87393680.1200,1,0.854900,1,-1.518100,0
430,2020-10-14,sh.603920,27.4975299500,28.0105843000,26.9844756000,27.8140954000,27.6176065000,4467099,112574253.8600,1,1.103800,1,0.711500,0
431,2020-10-15,sh.603920,27.7704312000,27.8031793500,27.0936361000,27.1154682000,27.8140954000,2385252,59885157.3500,1,0.589400,1,-2.511800,0
432,2020-10-16,sh.603920,27.0936361000,27.2573768500,26.4386731000,26.6133299000,27.1154682000,2805424,68598147.9000,1,0.693200,1,-1.851900,0
433,2020-10-19,sh.603920,26.7770706500,26.9298953500,26.1002755500,26.3185965500,26.6133299000,2522400,60992947.3100,1,0.623300,1,-1.107500,0
434,2020-10-20,sh.603920,26.1548558000,26.5260015000,25.9256187500,26.4932533500,26.3185965500,1906800,45853715.5500,1,0.470900,1,0.663600,0
435,2020-10-21,sh.603920,26.5150854500,26.5369175500,25.7291298500,25.8382903500,26.4932533500,2318440,55107985.6400,1,0.572500,1,-2.472200,0
436,2020-10-22,sh.603920,25.7509619500,26.2858484000,25.3579841500,26.1876039500,25.8382903500,2001458,47548926.0000,1,0.494300,1,1.351900,0
437,2020-10-23,sh.603920,26.3076805000,26.3840928500,25.6636335500,25.7618780000,26.1876039500,1444135,34398727.0000,1,0.356600,1,-1.625700,0
438,2020-10-26,sh.603920,26.0456953000,26.0456953000,25.4998928000,25.8055422000,25.7618780000,1868730,44082427.9000,1,0.461500,1,0.169500,0
439,2020-10-27,sh.603920,25.6527175000,26.2421842000,25.3907323000,26.1439397500,25.8055422000,1924300,45536144.3700,1,0.475200,1,1.311300,0
440,2020-10-28,sh.603920,26.1766879000,26.3950089000,25.7509619500,26.3950089000,26.1439397500,1768916,42376809.6000,1,0.436800,1,0.960300,0
441,2020-10-29,sh.603920,25.9911150500,26.3622607500,25.8492064000,26.1657718500,26.3950089000,1414800,33868448.1500,1,0.349400,1,-0.868500,0
442,2020-10-30,sh.603920,26.1548558000,26.5696657000,25.7727940500,26.3950089000,26.1657718500,3119740,74998598.6000,1,0.770400,1,0.876100,0
443,2020-11-02,sh.603920,25.8055422000,27.1809645000,25.4016483500,26.9408114000,26.3950089000,4041504,97978380.4200,1,0.998000,1,2.067800,0
444,2020-11-03,sh.603920,27.1700484500,28.3380658000,27.1591324000,27.7376830500,26.9408114000,6043288,154165060.4000,1,1.492400,1,2.957900,0
445,2020-11-04,sh.603920,27.9341719500,28.0215003500,27.4102015500,27.6066904500,27.7376830500,2830900,71708675.4500,1,0.699100,1,-0.472300,0
446,2020-11-05,sh.603920,27.7267670000,27.9996682500,27.3228731500,27.7813472500,27.6066904500,4153483,105615987.0700,1,1.025700,1,0.632700,0
447,2020-11-06,sh.603920,28.3817300000,30.5649400000,28.3817300000,30.5649400000,27.7813472500,15106490,417854376.5800,1,3.730500,1,10.019600,0
448,2020-11-09,sh.603920,31.8748660000,33.4031130000,31.1434906500,32.7044858000,30.5649400000,29002813,854227544.6100,1,7.162200,1,7.000000,0
449,2020-11-10,sh.603920,32.1041030500,32.5298290000,30.8924215000,31.9403623000,32.7044858000,14670228,427321930.5500,1,3.622800,1,-2.336400,0
450,2020-11-11,sh.603920,31.6565450000,33.9489155000,31.6019647500,32.1477672500,31.9403623000,15193529,456877883.5200,1,3.752000,1,0.649400,0
451,2020-11-12,sh.603920,32.3224240500,33.5122735000,31.9731104500,33.2612043500,32.1477672500,11057269,331656172.5700,1,2.730600,1,3.463500,0
452,2020-11-13,sh.603920,33.0865475500,36.5360193500,33.0865475500,35.1496810000,33.2612043500,17884277,574262471.3100,1,4.416500,1,5.677700,0
453,2020-11-16,sh.603920,35.1933452000,36.2412860000,34.8221995000,35.2588415000,35.1496810000,11558674,374190488.3100,1,2.854400,1,0.310600,0
454,2020-11-17,sh.603920,34.9313600000,35.2479254500,33.3267006500,34.2327328000,35.2588415000,14934715,467745900.7400,1,3.688100,1,-2.910200,0
455,2020-11-18,sh.603920,33.6214340000,35.1605970500,33.6214340000,34.6584587500,34.2327328000,6403386,202786028.2100,1,1.581300,1,1.243600,0
456,2020-11-19,sh.603920,34.2982291000,36.2412860000,33.6214340000,35.9028884500,34.6584587500,8512004,273019540.9600,1,2.102000,1,3.590600,0
457,2020-11-20,sh.603920,35.6518193000,36.1102934000,33.9925797000,35.4771625000,35.9028884500,7536163,241927687.7400,1,1.861000,1,-1.185800,0
458,2020-11-23,sh.603920,36.0229650000,36.3504465000,34.6147945500,35.6081551000,35.4771625000,5175089,168406385.0900,1,1.278000,1,0.369200,0
459,2020-11-24,sh.603920,36.3067823000,37.4638836000,34.7676192500,35.1169328500,35.6081551000,8567600,282769977.8800,1,2.115800,1,-1.379500,0
460,2020-11-25,sh.603920,35.5426588000,36.4596070000,34.5602143000,34.8549476500,35.1169328500,5766300,185791053.1000,1,1.424000,1,-0.746000,0
461,2020-11-26,sh.603920,35.4989946000,35.4989946000,33.9489155000,34.0471599500,34.8549476500,6784200,215484974.0000,1,1.675300,1,-2.317600,0
462,2020-11-27,sh.603920,34.4183056500,34.4619698500,32.9009747000,33.4249451000,34.0471599500,6535200,199625616.0000,1,1.613900,1,-1.827500,0
463,2020-11-30,sh.603920,33.4249451000,34.6802908500,32.8791426000,33.6105179500,33.4249451000,5366659,166297051.9200,1,1.325300,1,0.555200,0
464,2020-12-01,sh.603920,33.8179229000,34.6366266500,33.2939525000,34.4073896000,33.6105179500,3419021,107031406.3700,1,0.844300,1,2.370900,0
465,2020-12-02,sh.603920,34.4183056500,35.2588415000,34.0471599500,34.1672365000,34.4073896000,4284002,135220760.2800,1,1.057900,1,-0.698000,0
466,2020-12-03,sh.603920,33.7415105500,34.1563204500,32.8573105000,33.3812809000,34.1672365000,5185228,158425647.6100,1,1.280500,1,-2.300300,0
467,2020-12-04,sh.603920,33.5450216500,34.3418933000,32.9773870500,33.9816636500,33.3812809000,2917511,90311316.9900,1,0.720500,1,1.798600,0
468,2020-12-07,sh.603920,32.7590660500,34.8549476500,31.7002092000,34.2982291000,33.9816636500,6853542,211532689.1100,1,1.692500,1,0.931600,0
469,2020-12-08,sh.603920,34.0144118000,35.9356366000,33.5777698000,35.6518193000,34.2982291000,5464536,174973992.6500,1,1.349500,1,3.946500,0
470,2020-12-09,sh.603920,35.0405205000,36.1539576000,34.8549476500,35.4444143500,35.6518193000,4718232,154259492.7000,1,1.165200,1,-0.581800,0
471,2020-12-10,sh.603920,35.1824291500,35.6736514000,34.5929624500,34.6693748000,35.4444143500,3296182,105949351.5300,1,0.814000,1,-2.186600,0
472,2020-12-11,sh.603920,35.2588415000,35.2588415000,32.7481500000,33.5996019000,34.6693748000,3863187,119406603.4900,1,0.954000,1,-3.085600,0
473,2020-12-14,sh.603920,33.3594488000,35.3134217500,33.3048685500,35.0951007500,33.5996019000,3262397,103220442.1700,1,0.805600,1,4.450900,0
474,2020-12-15,sh.603920,35.0951007500,35.4334983000,34.0034957500,35.1496810000,35.0951007500,3824103,122087965.9000,1,0.944400,1,0.155500,0
475,2020-12-16,sh.603920,34.9313600000,35.2588415000,34.2873130500,34.6912069000,35.1496810000,2760528,88084248.0400,1,0.678200,1,-1.304300,0
476,2020-12-17,sh.603920,34.6912069000,34.6912069000,33.1083796500,34.0689920500,34.6912069000,4413903,136826311.6300,1,1.084300,1,-1.793600,0
477,2020-12-18,sh.603920,34.3855575000,34.4619698500,32.9118907500,32.9228068000,34.0689920500,2543152,77665722.3200,1,0.624800,1,-3.364300,0
478,2020-12-21,sh.603920,33.3267006500,33.3267006500,32.2569277500,33.1083796500,32.9228068000,3744067,112588232.8400,1,0.919800,1,0.563700,0
479,2020-12-22,sh.603920,33.0974636000,33.4031130000,32.0058586000,32.1477672500,33.1083796500,2375549,71180825.2000,1,0.583600,1,-2.901400,0
480,2020-12-23,sh.603920,32.0495228000,32.8245623500,31.4054758500,32.2350956500,32.1477672500,3258466,95742997.5000,1,0.800500,1,0.271600,0
481,2020-12-24,sh.603920,31.6565450000,32.2023475000,31.1980709000,31.4273079500,32.2350956500,2446423,70778675.7200,1,0.601000,1,-2.505900,0
482,2020-12-25,sh.603920,31.2089869500,31.4928042500,29.7134881000,29.9645572500,31.4273079500,3985000,110883946.0600,1,0.979000,1,-4.654400,0
483,2020-12-28,sh.603920,29.7462362500,30.1501301000,29.0148609000,29.3095942500,29.9645572500,2969276,80388172.3800,1,0.729400,1,-2.185800,0
484,2020-12-29,sh.603920,29.2986782000,29.6916560000,28.2289053000,28.5563868000,29.3095942500,5638027,148397431.0800,1,1.385100,1,-2.569800,0
485,2020-12-30,sh.603920,28.3162337000,28.8511201500,27.8905077500,28.3271497500,28.5563868000,4860866,126191497.7000,1,1.194100,1,-0.802800,0
486,2020-12-31,sh.603920,28.2616534500,29.0912732500,28.1743250500,28.5563868000,28.3271497500,2604166,68552842.6200,1,0.639700,1,0.809200,0
487,2021-01-04,sh.603920,30.6195202500,31.4163919000,30.6195202500,31.4163919000,28.5563868000,1338772,38265546.5200,1,0.328900,1,10.015300,0
488,2021-01-05,sh.603920,32.1914314500,32.3115080000,28.2725695000,28.2834855500,31.4163919000,12665328,335299362.8700,1,3.111400,1,-9.972200,0
489,2021-01-06,sh.603920,27.9996682500,28.5673028500,25.4889767500,27.0718040000,28.2834855500,11393737,288154553.9300,1,2.799000,1,-4.284100,0
490,2021-01-07,sh.603920,27.0718040000,27.3447052500,26.1985200000,27.1373003000,27.0718040000,7237679,178521224.8500,1,1.778000,1,0.241900,0
491,2021-01-08,sh.603920,27.6503546500,29.0366930000,27.3228731500,27.9450880000,27.1373003000,7110348,183993339.8800,1,1.746800,1,2.976700,0
492,2021-01-11,sh.603920,27.6176065000,28.9384485500,27.6176065000,28.2944016000,27.9450880000,5384578,139546034.8000,1,1.322800,1,1.250000,0
493,2021-01-12,sh.603920,27.9232559000,28.2179892500,27.1045521500,27.3228731500,28.2944016000,4040900,101545449.1300,1,0.992700,1,-3.433600,0
494,2021-01-13,sh.603920,27.4429497000,28.0869966500,27.4429497000,27.6066904500,27.3228731500,3198278,81227605.8800,1,0.785700,1,1.038800,0
495,2021-01-14,sh.603920,27.6176065000,28.1088287500,26.9626435000,27.1045521500,27.6066904500,3742067,94207999.0700,1,0.919300,1,-1.818900,0
496,2021-01-15,sh.603920,27.4866139000,27.4866139000,26.4495891500,27.1154682000,27.1045521500,2208338,54318927.5400,1,0.542500,1,0.040300,0
497,2021-01-18,sh.603920,27.6285225500,28.0324164000,27.2355447500,27.3119571000,27.1154682000,5416062,135963990.0600,1,1.330500,1,0.724600,0
498,2021-01-19,sh.603920,27.3992855000,27.9014238000,25.8710385000,26.0020311000,27.3119571000,7268322,178127906.3000,1,1.785600,1,-4.796200,0
499,2021-01-20,sh.603920,25.7291298500,26.6024138500,25.1724113000,26.5696657000,26.0020311000,4269161,101191660.7300,1,1.048800,1,2.183000,0
500,2021-01-21,sh.603920,26.8316509000,27.1263842500,26.0784434500,26.1330237000,26.5696657000,3202128,77350515.7400,1,0.786600,1,-1.643400,0
501,2021-01-22,sh.603920,26.1439397500,26.2749323500,25.2706557500,26.2531002500,26.1330237000,3343513,78943973.8700,1,0.821400,1,0.459500,0
502,2021-01-25,sh.603920,26.2531002500,26.2640163000,25.3579841500,25.5981372500,26.2531002500,2917634,68628636.0000,1,0.716800,1,-2.494800,0
503,2021-01-26,sh.603920,25.4343965000,26.7224904000,25.2160755000,26.4823373000,25.5981372500,3798698,91106250.4700,1,0.933200,1,3.454200,0
504,2021-01-27,sh.603920,26.5805817500,26.7224904000,25.8382903500,26.0129471500,26.4823373000,2602565,62200462.8000,1,0.639400,1,-1.772500,0
505,2021-01-28,sh.603920,25.8164582500,25.8273743000,25.1396631500,25.1833273500,26.0129471500,2047700,47626156.0000,1,0.503000,1,-3.189300,0
506,2021-01-29,sh.603920,25.1942434000,25.7946261500,23.0219494500,23.1420260000,25.1833273500,5148591,112363815.6400,1,1.264800,1,-8.105800,0
507,2021-02-01,sh.603920,23.4149272500,24.4628680500,22.7927124000,24.4192038500,23.1420260000,3273735,71833410.2100,1,0.804200,1,5.518900,0
508,2021-02-02,sh.603920,24.2445470500,24.6921051000,24.0480581500,24.6266088000,24.4192038500,1877600,41952302.0000,1,0.461300,1,0.849400,0
509,2021-02-03,sh.603920,24.9540903000,25.0959989500,23.3930951500,23.4913396000,24.6266088000,2488649,54514286.7500,1,0.611400,1,-4.609900,0
510,2021-02-04,sh.603920,23.2621025500,23.7969890000,21.7338555500,22.0504210000,23.4913396000,4862470,99010276.8500,1,1.194500,1,-6.133800,0
511,2021-02-05,sh.603920,22.3669864500,22.8145445000,21.1771370000,21.3190456500,22.0504210000,3593400,71750682.0000,1,0.882800,1,-3.316800,0
512,2021-02-08,sh.603920,21.6901913500,21.7011074000,20.9369839000,21.3081296000,21.3190456500,2078822,40632163.7800,1,0.510700,1,-0.051200,0
513,2021-02-09,sh.603920,21.4282061500,21.7775197500,20.9915641500,21.7011074000,21.3081296000,1830000,36236588.0000,1,0.449600,1,1.844300,0
514,2021-02-10,sh.603920,21.9958407500,22.2469099000,21.5046185000,22.1377494000,21.7011074000,1859602,37399631.5400,1,0.456800,1,2.012100,0
515,2021-02-18,sh.603920,22.3560704000,23.1311099500,22.1595815000,22.8909568500,22.1377494000,1969130,41094669.0400,1,0.483700,1,3.402400,0
516,2021-02-19,sh.603920,22.8363766000,23.3930951500,22.5198111500,23.1311099500,22.8909568500,2658325,55806673.2500,1,0.653100,1,1.049100,0
517,2021-02-22,sh.603920,23.9498137000,23.9607297500,23.0765297000,23.1420260000,23.1311099500,2743001,58873023.4900,1,0.673900,1,0.047200,0
518,2021-02-23,sh.603920,22.9018729000,23.0110334000,22.1704975500,22.3779025000,23.1420260000,2792421,57680292.4600,1,0.686000,1,-3.301900,0
519,2021-02-24,sh.603920,22.3014901500,23.1638581000,21.8321000000,22.2250778000,22.3779025000,2975820,61227480.4400,1,0.731000,1,-0.682900,0
520,2021-02-25,sh.603920,22.3669864500,22.4870630000,21.6246950500,21.6574432000,22.2250778000,3210831,64344478.5000,1,0.788800,1,-2.554000,0
521,2021-02-26,sh.603920,21.2862975000,21.6792753000,20.7514110500,20.9369839000,21.6574432000,5855100,112882661.4500,1,1.438400,1,-3.326600,0
522,2021-03-01,sh.603920,21.2098851500,22.2141617500,20.9806481000,22.0940852000,20.9369839000,4283370,85549146.1300,1,1.052300,1,5.526600,0
523,2021-03-02,sh.603920,22.0940852000,22.4543148500,21.3954580000,21.5482827000,22.0940852000,4188363,83199490.0500,1,1.028900,1,-2.470400,0
524,2021-03-03,sh.603920,21.4282061500,21.7884358000,21.2644654000,21.6574432000,21.5482827000,3560425,70144126.6400,1,0.874700,1,0.506600,0
525,2021-03-04,sh.603920,21.6356111000,21.7884358000,20.8278234000,20.9369839000,21.6574432000,4055486,78579724.8000,1,0.996300,1,-3.326600,0
526,2021-03-05,sh.603920,20.8059913000,21.6137790000,20.6095024000,21.4172901000,20.9369839000,3203118,62324241.6600,1,0.786900,1,2.294100,0
527,2021-03-08,sh.603920,21.4718703500,21.9958407500,20.7841592000,20.8387394500,21.4172901000,4569319,89282308.2500,1,1.122500,1,-2.701300,0
528,2021-03-09,sh.603920,20.7514110500,20.8387394500,19.1904159000,19.2668282500,20.8387394500,8991873,162966788.5800,1,2.209000,1,-7.543200,0
529,2021-03-10,sh.603920,19.5178974000,19.9545394000,18.8301862500,19.1030875000,19.2668282500,4974925,88488319.0800,1,1.222200,1,-0.849900,0
530,2021-03-11,sh.603920,19.2995764000,19.3869048000,18.6118652500,19.0703393500,19.1030875000,5820524,101431642.4800,1,1.429900,1,-0.171400,0
531,2021-03-12,sh.603920,19.0703393500,19.1467517000,18.4699566000,18.6882776000,19.0703393500,7149713,122445394.2600,1,1.756400,1,-2.003400,0
532,2021-03-15,sh.603920,18.6991936500,18.7537739000,17.7931615000,18.0114825000,18.6882776000,8902144,147443330.3800,1,2.186900,1,-3.621500,0
533,2021-03-16,sh.603920,18.1643072000,18.4699566000,17.6075886500,17.9459862000,18.0114825000,7688731,126185400.6100,1,1.888800,1,-0.363600,0
534,2021-03-17,sh.603920,17.8914059500,18.1424751000,17.7058331000,18.1424751000,17.9459862000,5608492,92310621.5400,1,1.377800,1,1.094900,0
535,2021-03-18,sh.603920,18.1315590500,18.2952998000,17.8695738500,18.2516356000,18.1424751000,5408385,89872551.4600,1,1.328600,1,0.601700,0
536,2021-03-19,sh.603920,18.0551467000,18.3826282000,17.9241541000,18.0769788000,18.2516356000,4168324,69190945.6000,1,1.024000,1,-0.956900,0
537,2021-03-22,sh.603920,18.0442306500,18.3062158500,17.8695738500,18.2407195500,18.0769788000,7186319,119342347.1400,1,1.765400,1,0.905800,0
538,2021-03-23,sh.603920,18.2407195500,18.4917887000,17.9678183000,18.0442306500,18.2407195500,5850351,97625879.9700,1,1.437200,1,-1.077200,0
539,2021-03-24,sh.603920,17.8914059500,18.1424751000,17.6949170500,17.8477417500,18.0442306500,3907000,64040063.1700,1,0.959800,1,-1.088900,0
540,2021-03-25,sh.603920,17.6840010000,18.0660627500,17.6403368000,17.9459862000,17.8477417500,3227100,52768370.7400,1,0.792800,1,0.550500,0
541,2021-03-26,sh.603920,17.9241541000,18.1861393000,17.7385812500,18.1424751000,17.9459862000,3770526,62108921.2200,1,0.926300,1,1.094900,0
542,2021-03-29,sh.603920,18.1533911500,18.4808726500,18.1424751000,18.2625516500,18.1424751000,4325801,72372832.0500,1,1.062700,1,0.661900,0
543,2021-03-30,sh.603920,18.2516356000,18.2516356000,17.7167491500,17.8040775500,18.2625516500,4493736,73693306.6500,1,1.103900,1,-2.510500,0
544,2021-03-31,sh.603920,17.7604133500,18.4481245000,17.6294207500,18.2407195500,17.8040775500,5896600,97816039.0000,1,1.448600,1,2.452500,0
545,2021-04-01,sh.603920,18.2407195500,18.6555294500,18.1206430000,18.3935442500,18.2407195500,5086715,85809413.3800,1,1.249600,1,0.837800,0
546,2021-04-02,sh.603920,18.4590405500,19.4087369000,18.4590405500,18.8738504500,18.3935442500,9980401,173751844.5500,1,2.451800,1,2.611300,0
547,2021-04-06,sh.603920,19.1249196000,19.2340801000,18.5027047500,18.6336973500,18.8738504500,6136293,105274727.8600,1,1.507500,1,-1.272400,0
548,2021-04-07,sh.603920,18.5682010500,18.6336973500,18.3389640000,18.6009492000,18.6336973500,4184428,70758045.6900,1,1.028000,1,-0.175700,0
549,2021-04-08,sh.603920,18.6009492000,18.8956825500,18.2079714000,18.3062158500,18.6009492000,5464488,92971170.3700,1,1.342400,1,-1.584500,0
550,2021-04-09,sh.603920,18.3062158500,18.6664455000,18.2298035000,18.5791171000,18.3062158500,4090155,69147390.6500,1,1.004800,1,1.490800,0
551,2021-04-12,sh.603920,18.6118652500,18.7210257500,17.7167491500,17.7822454500,18.5791171000,5711552,94815728.6100,1,1.403100,1,-4.289100,0
552,2021-04-13,sh.603920,17.6840010000,17.8914059500,16.8325491000,16.9853738000,17.7822454500,6887581,108757064.3800,1,1.692000,1,-4.481300,0
553,2021-04-14,sh.603920,17.1381985000,18.6882776000,17.0836182500,18.6882776000,16.9853738000,6917082,113332916.5200,1,1.699300,1,10.025700,0
554,2021-04-15,sh.603920,19.1030875000,19.1249196000,18.1424751000,18.2625516500,18.6882776000,10689647,180695644.3800,1,2.626100,1,-2.278000,0
555,2021-04-16,sh.603920,18.2298035000,19.3323245500,18.2079714000,18.8738504500,18.2625516500,9980716,171080863.7300,1,2.451900,1,3.347300,0
556,2021-04-19,sh.603920,19.1794998500,19.2995764000,18.8083541500,19.1904159000,18.8738504500,8236535,144047488.0200,1,2.023400,1,1.677300,0
557,2021-04-20,sh.603920,19.1685838000,20.7077468500,18.9502628000,19.9763715000,19.1904159000,14847343,271999668.2700,1,3.647400,1,4.095600,0
558,2021-04-21,sh.603920,19.7689665500,19.8890431000,19.3432406000,19.5178974000,19.9763715000,7353170,131685285.7600,1,1.806400,1,-2.295100,0
559,2021-04-22,sh.603920,19.5943097500,19.7689665500,19.2668282500,19.7580505000,19.5178974000,6881428,123199530.4600,1,1.690500,1,1.230400,0
560,2021-04-23,sh.603920,19.7471344500,20.4675937500,19.3432406000,19.9763715000,19.7580505000,7510461,136863726.7900,1,1.845000,1,1.105000,0
561,2021-04-26,sh.603920,19.9654554500,20.9478999500,19.7580505000,20.3038530000,19.9763715000,10753184,201619419.7700,1,2.641700,1,1.639300,0
562,2021-04-27,sh.603920,20.3475172000,20.4348456000,19.5397295000,19.8126307500,20.3038530000,5966278,108546747.6400,1,1.465700,1,-2.419400,0
563,2021-04-28,sh.603920,19.7907986500,19.7907986500,19.2231640500,19.3869048000,19.8126307500,4965588,88283938.6300,1,1.219900,1,-2.148800,0
